time,user_name,user_color,message
15,streamelements,#5B99FF,"nevo1st is now live! Streaming Minecraft: NEVNATION 5 EPIC HOTEL TIME TEEHEE"
22,rainze3,#B22222,"FIRST"
26,luxembourgz99,,"Yes"
27,nevo1st,#1E90FF,"hello"
30,nevo1st,#1E90FF,"rainze3"
31,luxembourgz99,,"Mastermind stream"
31,ma1va_,,"HELLOO"
32,born2shit_forced2wipe,#2E8B57,"hi nevo"
32,fivootm,#00973E,"7pm!"
34,nevo1st,#1E90FF,"and luxembourg"
38,born2shit_forced2wipe,#2E8B57,"i just ordered my indian ffs!"
38,luxembourgz99,,"When"
43,rainze3,#B22222,"@nevo1st hellooo"
49,ya_dad_sells_avon123,,"hello nevo1st"
50,rizzo04,#FF00F3,"11 raiders from Rizzo04 have joined! "
55,sofiyeg,#8A2BE2,"hi nevo :3"
60,rizzo04,#FF00F3,"hellloooooo"
61,rainze3,#B22222,"nevo1sPog"
65,luigimangione2024,,"bo"
65,nevo1st,#1E90FF,"HUGE RAID FROM RIZZO"
67,sofiyeg,#8A2BE2,"and hello chat :3"
79,nevo1st,#1E90FF,"^^^"
82,thetasigma01,#1E90FF,"Hey Nevo!"
84,hairehdb,#9E5C9D,"GREAT STREAM RIZZO! nevo1sSmiles"
88,nevo1st,#1E90FF,"@ThetaSigma01 HELLO THETASIGMA"
97,poppo2016,,"only crap nev nation what‚Äôs up guys"
99,thetasigma01,#1E90FF,"wow for once u said hey to me"
103,bartsimplton,#DAA520,"HELLOOOOOO EVERYBODY !!!!"
106,mcmental22,#0000FF,"Hello Nevo"
107,ma1va_,,"how are you nyevo"
119,nevo1st,#1E90FF,"@ma1va_ i am great thank oyu malva"
123,sofiyeg,#8A2BE2,"can't wait to go from a great stream to a mediocre one :P"
132,luxembourgz99,,"Nevo don't vote on Luxembourg Song Contest btw there's rumours that it's rigged"
141,rainze3,#B22222,"!sr guns n roses sweet child of mine"
142,streamelements,#5B99FF,"@rainze3, added GunsNRosesVEVO - "Guns N' Roses - Sweet Child O' Mine (Official Music Video)" to the queue at #1 (playing ~now) https://youtu.be/1w7OgIMMRc4"
148,rizzo04,#FF00F3,"AWWWW BIG POO"
155,luxembourgz99,,"I had crackers and hummous for dinner"
160,mcmental22,#0000FF,"!sr https://m.youtube.com/watch?v=QwZT7T-TXT0"
161,streamelements,#5B99FF,"@mcmental22, added Logan Paul - "So Sorry." to the queue at #2 (playing ~in  5 mins 3 secs) https://youtu.be/QwZT7T-TXT0"
163,fivootm,#00973E,"RIZZO END YOUR STREAM LAD"
175,luxembourgz99,,"!sr human eyes mana"
176,streamelements,#5B99FF,"@luxembourgz99, added M√ÑNA - Topic - "Human Eyes" to the queue at #3 (playing ~in  6 mins 48 secs) https://youtu.be/1QxI5LCFho4"
180,mcmental22,#0000FF,"!sr No Ls by Deji"
181,streamelements,#5B99FF,"@mcmental22, added RomTheEditor - "Deji x Jallow - No Ls [Reupload]" to the queue at #4 (playing ~in  9 mins 40 secs) https://youtu.be/eX7us3B4Z4I"
181,rainze3,#B22222,"!sr smalltown boy bronski beat"
194,luxembourgz99,,"!sr catalina solomac demons"
194,streamelements,#5B99FF,"@luxembourgz99, added Catalina Solomac - "CƒÉtƒÉlina Solomac - Demons (Selec»õia Na»õionalƒÉ Eurovision Moldova 2025)" to the queue at #5 (playing ~in  13 mins 13 secs) https://youtu.be/SVxXBBnr2iI"
194,rainze3,#B22222,"!sr smalltown boy bronski bea"
200,rainze3,#B22222,"!sr smalltown boy"
201,streamelements,#5B99FF,"@rainze3, added London Records - "Bronski Beat - Smalltown Boy (Official Video)" to the queue at #6 (playing ~in  16 mins 19 secs) https://youtu.be/88sARuFu-tc"
202,sofiyeg,#8A2BE2,"the usual suspect"
202,rizzo04,#FF00F3,"THANK YOU AHAHAHAH"
204,bartsimplton,#DAA520,"oh i thought u meant irl"
218,rainze3,#B22222,"!sr self control"
218,conradwba,,"good evening"
219,streamelements,#5B99FF,"@rainze3, added RHINO - "Laura Branigan - Self Control (Official Music Video)" to the queue at #7 (playing ~in  21 mins 23 secs) https://youtu.be/RP0_8J7uxhs"
221,anastasiabvrhausen,#FF00E7,"How are you my sweet summer child"
228,mcmental22,#0000FF,"Nevo is Song requests on?"
229,rainze3,#B22222,"!sr nancy boy placebo"
233,born2shit_forced2wipe,#2E8B57,"!sr i love chinese food"
234,streamelements,#5B99FF,"@Born2Shit_Forced2Wipe, added RandomVideosHD - "Alison Gold   Chinese Food Official Music Video" to the queue at #8 (playing ~in  26 mins 31 secs) https://youtu.be/n49of3EbpR8"
236,luxembourgz99,,"!sr rhythmic soulwave stronger"
237,rainze3,#B22222,"!sr nancy boy"
238,rizzo04,#FF00F3,"BELLYDORM"
243,anastasiabvrhausen,#FF00E7,"!sr https://www.youtube.com/watch?v=yfziyfNakx0"
243,streamelements,#5B99FF,"@AnastasiaBvrhausen, added KQUNIstudios - ""Achy Broccoli Farts" by Chili-Spray Cyrus" to the queue at #9 (playing ~in  29 mins 59 secs) https://youtu.be/yfziyfNakx0"
249,rainze3,#B22222,"!sr placebo nancy boy"
250,streamelements,#5B99FF,"@rainze3, added PLACEBO - "Placebo - Nancy Boy (Official Music Video)" to the queue at #9 (playing ~in  28 mins 32 secs) https://youtu.be/PBxuq_eWW94"
252,rainze3,#B22222,"ye"
262,anastasiabvrhausen,#FF00E7,"!sr https://youtu.be/tD4sBUYEFRo?si=KYztBLcFzzjQZM_b"
262,streamelements,#5B99FF,"@AnastasiaBvrhausen, added Minta - "Stinky Inky Fart- Acky Breaky Heart Parody" to the queue at #10 (playing ~in  31 mins 46 secs) https://youtu.be/tD4sBUYEFRo"
264,rainze3,#B22222,"!sr cheri cheri lady"
270,rizzo04,#FF00F3,"going to the shop BYE"
273,rainze3,#B22222,"!sr cheri cheri lady modern talking"
274,streamelements,#5B99FF,"@rainze3, added ModernTalkingVEVO - "Modern Talking - Cheri Cheri Lady (Official Video)" to the queue at #11 (playing ~in  35 mins 6 secs) https://youtu.be/eNvUS-6PTbs"
275,rizzo04,#FF00F3,"be back in a second x"
276,luxembourgz99,,"!sr https://youtu.be/nLdndjfPSNk?si=NGG-LaUqFaXgt5SC"
280,born2shit_forced2wipe,#2E8B57,"nevo would you rather be a turtle or a tortoise?"
285,bartsimplton,#DAA520,"thats fine"
287,mcmental22,#0000FF,"!sr We Bring The BOOM"
288,streamelements,#5B99FF,"@mcmental22, added A.J. & Big Justice - Topic - "We Bring The BOOM!" to the queue at #12 (playing ~in  38 mins 24 secs) https://youtu.be/Vmm_Kq1EN8k"
289,sofiyeg,#8A2BE2,"also you probably want a max amount of song requests (either in general or per person) because it fills up pretty quick now"
291,rainze3,#B22222,"!sr instant crush daft punk"
291,streamelements,#5B99FF,"@rainze3, added DaftPunkVEVO - "Daft Punk - Instant Crush (Video) ft. Julian Casablancas" to the queue at #13 (playing ~in  40 mins 25 secs) https://youtu.be/a5uQMwRMHcs"
292,anastasiabvrhausen,#FF00E7,"you murdered a bunch of homless men"
294,luxembourgz99,,"!sr stronger rhythmic soulwave"
295,streamelements,#5B99FF,"@luxembourgz99, added Rhythmic Soulwave - Topic - "Stronger" to the queue at #14 (playing ~in  46 mins 5 secs) https://youtu.be/nLdndjfPSNk"
296,bartsimplton,#DAA520,"i have my boat"
302,rainze3,#B22222,"!sr alone heart"
312,rainze3,#B22222,"! sr alone - heart"
317,rainze3,#B22222,"!sr heart- alone"
318,streamelements,#5B99FF,"@rainze3, added HeartVEVO - "Heart - Alone" to the queue at #15 (playing ~in  49 mins 7 secs) https://youtu.be/1Cw1ng75KP0"
321,mcmental22,#0000FF,"!sr Atom Bomb Baby"
322,streamelements,#5B99FF,"@mcmental22, added CivilDefenseSpot - "Five Stars - Atom Bomb Baby" to the queue at #16 (playing ~in  52 mins 45 secs) https://youtu.be/KXSUEU7ISfQ"
335,anastasiabvrhausen,#FF00E7,"Nevo I hope you noticed when i said hello to you I was very nice and kind"
336,rainze3,#B22222,"!sr enjoy the silence"
337,streamelements,#5B99FF,"@rainze3, added Marthin Samuel - "Depeche Mode - Enjoy the Silence (Lyrics)" to the queue at #17 (playing ~in  55 mins 3 secs) https://youtu.be/p-JCOpNuoIw"
340,born2shit_forced2wipe,#2E8B57,"hotel hell?"
351,rainze3,#B22222,"!sr running up that hill placebo"
361,rainze3,#B22222,"!sr placebo running up that hill"
361,streamelements,#5B99FF,"@rainze3, added PLACEBO - "Placebo - Running Up That Hill (A Deal With God) (Cover) Official Audio" to the queue at #18 (playing ~in  59 mins 18 secs) https://youtu.be/nIJ8DogiIiw"
367,luxembourgz99,,"Come Dine With Me but it's just one guy going to everyone else's house"
371,rainze3,#B22222,"!sr time after time"
373,anastasiabvrhausen,#FF00E7,"you want a piston that you can sit on the vibrates roughly?"
377,born2shit_forced2wipe,#2E8B57,"im gonna make u queue for 4 hours to get the authentic airport experience"
386,rainze3,#B22222,"!sr cyndi lauper time after time"
387,streamelements,#5B99FF,"@rainze3, added CyndiLauperVEVO - "Cyndi Lauper - Time After Time (Official HD Video)" to the queue at #19 (playing ~in  1 hour 4 mins) https://youtu.be/VdQY7BusJNU"
395,born2shit_forced2wipe,#2E8B57,"aw hes such a smol boy"
397,rainze3,#B22222,"!sr i just died in your arms"
407,rainze3,#B22222,"!sr i just died in your arms tonight"
408,born2shit_forced2wipe,#2E8B57,"nevstein is wild"
408,streamelements,#5B99FF,"@rainze3, added CuttingCrewVEVO - "Cutting Crew - (I Just) Died In Your Arms (Official Music Video)" to the queue at #20 (playing ~in  1 hour 9 mins) https://youtu.be/6dOwHzCHfgA"
410,thetasigma01,#1E90FF,"hey Nevo ur husband's stream made me lose my hair and killed me 7 times give me compensation"
419,rainze3,#B22222,"!sr heaven is a place on earth"
425,sofiyeg,#8A2BE2,"definitely shouldn't exist"
439,rainze3,#B22222,"!sr heaven is a place on earth belinda carlisie"
440,streamelements,#5B99FF,"@rainze3, added BelindaCarlisleVEVO - "Belinda Carlisle - Heaven Is A Place On Earth (Official Music Video)" to the queue at #21 (playing ~in  1 hour 13 mins) https://youtu.be/NOGEyBeoBGM"
443,mcmental22,#0000FF,"Nevo can we see Jafaar?"
452,rainze3,#B22222,"!sr heart of glass blondie"
457,rainze3,#B22222,"!sr heart of glass"
458,streamelements,#5B99FF,"@rainze3, added BlondieVEVO - "Blondie - Heart Of Glass" to the queue at #22 (playing ~in  1 hour 17 mins) https://youtu.be/WGU_4-5RaxU"
470,rainze3,#B22222,"!sr young and beautiful"
475,anastasiabvrhausen,#FF00E7,""found jafar" did he go missing ?"
476,rainze3,#B22222,"!sr young and beautiful lana del ray"
476,streamelements,#5B99FF,"@rainze3, added Unique Sound - "Lana Del Rey - Young And Beautiful (Lyrics)" to the queue at #23 (playing ~in  1 hour 21 mins) https://youtu.be/_MWEapW4PaE"
484,realkdy20,#0000FF,"!songlist"
491,rainze3,#B22222,"!songlist"
493,rainze3,#B22222,"idk"
494,born2shit_forced2wipe,#2E8B57,"did u pull ur bed out to hoover behind?"
495,rainze3,#B22222,"!queue"
497,rainze3,#B22222,"!sr"
497,streamelements,#5B99FF,"@rainze3, missing youtube ID, url or search"
499,mcmental22,#0000FF,"Keep him in shot for the rest of the stream"
505,anastasiabvrhausen,#FF00E7,"does he know about rizzo"
506,luxembourgz99,,"!queue"
515,luxembourgz99,,"!songlist"
515,realkdy20,#0000FF,"!sr cheers for the roses there"
516,streamelements,#5B99FF,"@realKDY20, added milesmma - "Luke Bennett - Cheers For The Roses There" to the queue at #24 (playing ~in  1 hour 25 mins) https://youtu.be/pMnGauP_8j8"
528,mcmental22,#0000FF,"I better get my refund then"
532,luxembourgz99,,"Nevaur"
543,luxembourgz99,,"How do we check the song list"
556,realkdy20,#0000FF,"why do i have 57k points the last time i was here i had 6k"
561,sofiyeg,#8A2BE2,"!songlist"
561,streamelements,#5B99FF,"@SofiyeG you can see the songrequest queue here https://StreamElements.com/nevo1st/mediarequest"
562,luxembourgz99,,"!list"
571,born2shit_forced2wipe,#2E8B57,"!sr binaural haircut"
572,streamelements,#5B99FF,"@Born2Shit_Forced2Wipe, added LovelyVirus - "Virtual Barber Shop (Audio...use headphones, close ur eyes)" to the queue at #24 (playing ~in  1 hour 25 mins) https://youtu.be/IUDTlvagjJA"
577,anastasiabvrhausen,#FF00E7,"might do interview with you for cunk on globe but i'm really tired and i haven't prepped any qustions so"
580,sofiyeg,#8A2BE2,"you definitely refunded too much"
580,luxembourgz99,,"Tyyy"
588,luigimangione2024,,"you cant say inflated with logan paul playing in the background mate"
591,mcmental22,#0000FF,"What do you think of the song?"
601,realkdy20,#0000FF,"!sr kylies cocktail bar"
601,streamelements,#5B99FF,"@realKDY20, added Versatile - Topic - "Kylie's Cocktail Bar" to the queue at #25 (playing ~in  1 hour 30 mins) https://youtu.be/rnDWerIsaVA"
607,realkdy20,#0000FF,"!sr thick of it"
621,born2shit_forced2wipe,#2E8B57,"do u prefer logan paul or jake paul?"
621,fivootm,#00973E,"beg"
627,luigimangione2024,,"guys someone clip that please"
632,realkdy20,#0000FF,"!sr its everyday bro"
632,streamelements,#5B99FF,"@realKDY20, added Jake Paul - "Jake Paul - It's Everyday Bro (Song) feat. Team 10 (Official Music Video)" to the queue at #26 (playing ~in  1 hour 32 mins) https://youtu.be/hSlb1ezRqfA"
636,anastasiabvrhausen,#FF00E7,"there's like 0 coal on the whole island its mental"
650,luxembourgz99,,"Nevo you defo begged your mates for chewies in school"
652,sofiyeg,#8A2BE2,"streamer wants chatters to dox themselves"
657,fivootm,#00973E,"you could have a look around yeah"
662,rainze3,#B22222,"nevo can you help me the netherportal on main island i went there and then through the other portal in the nether and i fell into a lava pit coords were something like x250 z-250 or x-250 z250 around theres the portal im on 5 hearts or smth i logged off i have all my stuff on me if you could clear the lava and have 15 blocks free in all directions from the portal so i wont suffocate that would be greatly appreciated"
690,anastasiabvrhausen,#FF00E7,"Aww poor wee sasuage was really sad about that you're not fat Nevo nevo1sSmiles  You look like you're a perfectly healthy weight"
700,rainze3,#B22222,"i have full diamond and my pet fish and stuff like that"
713,rainze3,#B22222,"go through the portal in the nether"
723,anastasiabvrhausen,#FF00E7,"Right i'm being nice and then you go and do that"
734,cocokofu,,"hi mr nevo"
759,cocokofu,,"what on earth were you about to ask me'"
764,anastasiabvrhausen,#FF00E7,"read it in my accent and put a sarcastic tone on it"
778,rainze3,#B22222,"first go throught the nether portal on main island and then go back to the overworld through the other portal right near the first one"
783,anastasiabvrhausen,#FF00E7,"omg you did"
786,cocokofu,,"i do i can hop on but im really tired and ill probably do nothing for an hour and then pass out"
804,anastasiabvrhausen,#FF00E7,"what do you mean "you always do this" as well smh mean"
804,born2shit_forced2wipe,#2E8B57,"ill gift subs for you to not help them"
807,born2shit_forced2wipe,#2E8B57,"IM JOKING"
830,rainze3,#B22222,"so just water?"
835,born2shit_forced2wipe,#2E8B57,"u prefer zest"
839,anastasiabvrhausen,#FF00E7,"if I gift 0 subs can i have creative mode"
858,born2shit_forced2wipe,#2E8B57,"?????"
859,anastasiabvrhausen,#FF00E7,"do not promote that it only encourages his bad behaviour"
863,sofiyeg,#8A2BE2,"i love deji man"
863,born2shit_forced2wipe,#2E8B57,"what were u gonna say??"
869,rainze3,#B22222,"if i           can i          and          ?"
872,bigmanting1337_,#8A2BE2,"‚Äúcant handle fizz‚Äù what kind of creature are you? a 60 year old?"
880,sofiyeg,#8A2BE2,"if we put it in now it'll play in like 90 minutes"
885,mcmental22,#0000FF,"His name is ComedyShortsGamer not Deji get it right"
890,cocokofu,,"god dejis so cool i miss his dog"
891,rainze3,#B22222,"@BigManTing1337_ either 60 or 6 no inbetween"
901,anastasiabvrhausen,#FF00E7,"can you eat sherbert"
901,rainze3,#B22222,"OHH NOT THE SPRITE CHALLENGE IT WAS HORRID GOD"
902,born2shit_forced2wipe,#2E8B57,"bros just built different"
906,born2shit_forced2wipe,#2E8B57,"built like a smol bean"
906,luxembourgz99,,"I chugged a half pint of coke in 5 seconds..."
911,bigmanting1337_,#8A2BE2,"shot of tarmac"
917,cocokofu,,"shot of lava"
922,mcmental22,#0000FF,"His name is ComedyShortsGamer not Deji get it right"
929,rainze3,#B22222,"shot of bleach"
941,luxembourgz99,,"And then I did a second one in 12 seconds and started feeling sick"
943,born2shit_forced2wipe,#2E8B57,"i bet lava would taste nice if you could actually drink it"
953,rainze3,#B22222,"@Born2Shit_Forced2Wipe yea for sure"
955,cocokofu,,"@Born2Shit_Forced2Wipe if ur into spicy food"
955,born2shit_forced2wipe,#2E8B57,"5?? fat chance"
969,born2shit_forced2wipe,#2E8B57,"ive got loads of sand if u want mate to make ur sandstone"
982,mcmental22,#0000FF,"!sr Like Him"
983,streamelements,#5B99FF,"@mcmental22, added Tyler, The Creator - Topic - "Like Him" to the queue at #25 (playing ~in  1 hour 30 mins) https://youtu.be/dgUHE8wWhiE"
985,born2shit_forced2wipe,#2E8B57,"OH IT WAS U WHO DUG UP MY FLOOR"
994,born2shit_forced2wipe,#2E8B57,"literally griefed by op"
1005,conradwba,,"no we don‚Äôt take no l‚Äôs"
1008,bigmanting1337_,#8A2BE2,"shot of petrol"
1018,cocokofu,,"do you remember what they said about dejis dog"
1018,born2shit_forced2wipe,#2E8B57,"well u left a big hole lmao"
1022,rainze3,#B22222,"has sneele been playing on the server?"
1032,born2shit_forced2wipe,#2E8B57,"olitunhe"
1033,realkdy20,#0000FF,"!sr deji"
1033,streamelements,#5B99FF,"@realKDY20, added Deji - "FOUSEY DISSED ME !" to the queue at #26 (playing ~in  1 hour 34 mins) https://youtu.be/mXj5ipjPZxo"
1036,born2shit_forced2wipe,#2E8B57,"omlitunje"
1043,anastasiabvrhausen,#FF00E7,"SCREENSHOT THAT FACE"
1046,born2shit_forced2wipe,#2E8B57,"sorry i cant type"
1046,rainze3,#B22222,"imagine having tubbo on fortnite with you"
1049,realkdy20,#0000FF,"!sr ksi thick of it"
1049,streamelements,#5B99FF,"@realKDY20, added KSI - "KSI - Thick Of It (feat. Trippie Redd) [Official Music Video]" to the queue at #26 (playing ~in  1 hour 39 mins) https://youtu.be/At8v_Yc044Y"
1051,thetasigma01,#1E90FF,"@rainze3 .... off"
1052,born2shit_forced2wipe,#2E8B57,"olitunjje"
1052,cocokofu,,"https://x.com/BBCNews/status/1206990491138613254?lang=en-GB"
1054,thetasigma01,#1E90FF,"oof*"
1059,realkdy20,#0000FF,"oladeji olatunji"
1073,rainze3,#B22222,"@ThetaSigma01 ?"
1077,mcmental22,#0000FF,"Let get this right his name is ComedyShortsGamer not Dejj"
1082,conradwba,,"I love deji"
1086,born2shit_forced2wipe,#2E8B57,"you should get the tier list guy"
1090,born2shit_forced2wipe,#2E8B57,"i sent u on tiktok"
1093,realkdy20,#0000FF,"and ksi's name is olajide olatunji"
1106,bill_schitt,#008000,"ive updated the resource pack @nevo1st"
1114,best_lesbian,#FF69B4,"Hello nevo"
1116,born2shit_forced2wipe,#2E8B57,"like flewdew has?"
1117,luxembourgz99,,"Nevo what are your thoughts on Moldova withdrawing from Eurovision today, I can tell you're devastated"
1119,anastasiabvrhausen,#FF00E7,"Hi Tom my sweet summer child"
1122,nightbot,#7C7CE1,"JOIN MY DISCORD IF YOU ARE NOT WEIRD (15+) https://discord.com/invite/aUSKbeJPXp"
1134,mcmental22,#0000FF,"His name is ComedyShortsGamer not Deji get it right"
1146,sofiyeg,#8A2BE2,"deadnaming deji is crazy.."
1153,rainze3,#B22222,"yea"
1176,anastasiabvrhausen,#FF00E7,"ur stressing me out EAT PLEASE"
1182,rizzo04,#FF00F3,"back from the shop and super cold nevoooo feel how cold my hands are"
1184,rainze3,#B22222,"clear the lava and like the area of the portal"
1195,rainze3,#B22222,"15 block radius or smth"
1198,rainze3,#B22222,"no theres under it"
1198,mcmental22,#0000FF,"Nevo I have still not refunded for my cheese"
1200,rainze3,#B22222,"i fell in"
1203,thetasigma01,#1E90FF,"@Rizzo04 welcome back besie"
1204,anastasiabvrhausen,#FF00E7,"???????? You're making it really hard to be nice to you"
1205,rainze3,#B22222,"mining obsidian nearby"
1209,rainze3,#B22222,"whar"
1215,rainze3,#B22222,"that"
1219,luigimangione2024,,"did you see ryan windridge came out on his tiktok and said he had a inflation kink he said it on live"
1219,rainze3,#B22222,"yeah"
1227,cocokofu,,"@nevo1st ill give u a tenner if u do a shot of lava on stream"
1240,sofiyeg,#8A2BE2,"that's definitely not true"
1243,rizzo04,#FF00F3,"me and ryan have somet in common"
1248,luxembourgz99,,"Iceland"
1250,realkdy20,#0000FF,"wouldn't be surprised if he does"
1252,born2shit_forced2wipe,#2E8B57,"find ur nearest lava pool"
1255,rainze3,#B22222,"not the gravel just the lava"
1257,luigimangione2024,,"i had you for a second"
1261,rizzo04,#FF00F3,"gobshite be nice"
1261,thetasigma01,#1E90FF,"@Rizzo04 mods pls ban him"
1262,poppo2016,,"probably stoke"
1262,born2shit_forced2wipe,#2E8B57,"they spawn quire frequently"
1272,rainze3,#B22222,"the lava üò≠"
1275,realkdy20,#0000FF,"made up for a laugh but is probably true"
1276,rainze3,#B22222,"not the gravel"
1277,rizzo04,#FF00F3,"doncaster"
1278,sofiyeg,#8A2BE2,"england"
1278,anastasiabvrhausen,#FF00E7,"edinburgh"
1281,luigimangione2024,,"yorkshire."
1282,hairehdb,#9E5C9D,"stoke"
1284,bigmanting1337_,#8A2BE2,"leeds"
1284,cocokofu,,"nevo lives in skegvegas"
1285,poppo2016,,"no I mean you can find one in stoke"
1289,luxembourgz99,,"Brighton"
1292,luigimangione2024,,"somewhere inbetween leeds yorkshire and manchester"
1295,alanparcels,#008000,"hull"
1309,luigimangione2024,,"close to sheffield though"
1310,bartsimplton,#DAA520,"was about to put my own home adress before realising that would be doxxing myself"
1312,born2shit_forced2wipe,#2E8B57,"somewhere between london and inverness"
1317,cocokofu,,"you know what"
1317,rizzo04,#FF00F3,"femboy scream"
1318,luigimangione2024,,"this guy sucks at this gmae"
1320,cocokofu,,"i bet he lives in nottingham"
1324,sofiyeg,#8A2BE2,"you live in harrogate"
1325,ma1va_,,"nyevo are you a femboy"
1333,realkdy20,#0000FF,"wetherby"
1339,thetasigma01,#1E90FF,"Nevo do i go get some dairy milk chocolate spread sandwich?"
1341,rizzo04,#FF00F3,"he hesitated"
1343,rainze3,#B22222,"nevo what are your thoughts on femboys?"
1346,ma1va_,,"NO"
1350,ma1va_,,"ITS NOT"
1351,born2shit_forced2wipe,#2E8B57,"clip that and come back in 5 years"
1353,anastasiabvrhausen,#FF00E7,"he's been researching for a holiday i think"
1354,cocokofu,,"its very true"
1355,hairehdb,#9E5C9D,"Owen gotta say, loving the swazzy white shirt mate! nevo1sSmiles"
1358,luxembourgz99,,"Poland and Slovenia both are"
1358,born2shit_forced2wipe,#2E8B57,"next finnster"
1364,rainze3,#B22222,"northern europe has a lot of femboys aswell"
1379,thetasigma01,#1E90FF,"Chat do i go get a dairy milk chocolate spread sandwich?"
1382,rizzo04,#FF00F3,"over there"
1384,born2shit_forced2wipe,#2E8B57,"-200 385"
1385,rainze3,#B22222,"or so ive heard i wouldnt know.."
1391,luxembourgz99,,"In the nether I think"
1396,anastasiabvrhausen,#FF00E7,"remember how you killed me and i lost everything nevo1sSmiles nevo1sSmiles"
1399,born2shit_forced2wipe,#2E8B57,"your own research mate?"
1399,rainze3,#B22222,"yes"
1402,born2shit_forced2wipe,#2E8B57,"yeah its true"
1405,sofiyeg,#8A2BE2,"i've heard that"
1408,ma1va_,,"ive never seen a femboy irl"
1413,luxembourgz99,,"Yeah everyone just makes jokes about Poland and Slovenia"
1414,sofiyeg,#8A2BE2,"going oater in the year for that reason"
1417,realkdy20,#0000FF,"i heard yorkshire is the land of the femboys"
1420,fivootm,#00973E,"@ma1va_ thats a lie"
1426,rainze3,#B22222,"i haveüòé"
1426,anastasiabvrhausen,#FF00E7,"@ma1va_ @bill_schitt get on stream and show her"
1433,ma1va_,,"@FivooTM SHUT"
1439,rainze3,#B22222,"i live in finland northern femboys are"
1439,bill_schitt,#008000,"@AnastasiaBvrhausen nevo1sFrowns"
1449,rainze3,#B22222,"fuck"
1457,sofiyeg,#8A2BE2,"poland"
1458,fivootm,#00973E,"poland 100%"
1465,rainze3,#B22222,"i mean they say poland but imo finland"
1468,luxembourgz99,,"Nevo i think ik where your stuff is"
1475,rainze3,#B22222,"as a finn i can confidently say finland"
1479,realkdy20,#0000FF,"!sr hala madrid"
1480,luxembourgz99,,"Nether"
1480,streamelements,#5B99FF,"@realKDY20, added BAD NOVA - "BAD NOVA - Hala Madrid  [ 2025 √âDITION ] (Lyrics Video)" to the queue at #26 (playing ~in  1 hour 37 mins) https://youtu.be/AEB3MFaTuZI"
1485,born2shit_forced2wipe,#2E8B57,"nevo do u prefer gravel or cobble?"
1489,rainze3,#B22222,"also we have a shitload of amazing metal bands"
1501,sofiyeg,#8A2BE2,"tbf having met finnish folks i actually might have to agree"
1505,born2shit_forced2wipe,#2E8B57,"get flewdewed m8"
1510,luxembourgz99,,"In the nether"
1519,bartsimplton,#DAA520,"go right  from the portal 150 blocks then left for like a couple blocks then straight on then up ur bum"
1525,anastasiabvrhausen,#FF00E7,"theres at least a bunch of iron in the chests in spoon btw"
1527,rainze3,#B22222,"i think you died in minecraft tbh"
1528,rizzo04,#FF00F3,"i finnish on your mum mate"
1530,born2shit_forced2wipe,#2E8B57,"i have they are strange"
1536,sofiyeg,#8A2BE2,"lmao rizzo"
1537,poppo2016,,"wait I take it back nevo you look like your from Uzbekistan"
1545,bill_schitt,#008000,"you really need that waypoint mod"
1548,rainze3,#B22222,"wait ill hop on"
1551,bill_schitt,#008000,"the client side minimap mod"
1564,bill_schitt,#008000,"what did i deserve for you to mock me like that"
1568,alanparcels,#008000,"you can have some melons nevo"
1569,born2shit_forced2wipe,#2E8B57,"ur so mean to poor tom"
1572,born2shit_forced2wipe,#2E8B57,"little elf boy here"
1573,rainze3,#B22222,"no cus you cleared the gravel and not the lava so ill probably die anyways"
1579,realkdy20,#0000FF,"wish i had 500k channel points"
1580,rizzo04,#FF00F3,"having some cheesy chips."
1584,rainze3,#B22222,"but ill log in anyways"
1585,born2shit_forced2wipe,#2E8B57,"!sr achy breaky fart"
1585,streamelements,#5B99FF,"@Born2Shit_Forced2Wipe, added Bryan Albrandt - "Achy Breaky Fart (Song Parody)" to the queue at #26 (playing ~in  1 hour 36 mins) https://youtu.be/8osNgogXNbA"
1585,anastasiabvrhausen,#FF00E7,"@bill_schitt he's angry at himself and taking it out on you x"
1599,luxembourgz99,,"!sr johanna elise eyes Don't lie"
1600,streamelements,#5B99FF,"@luxembourgz99, added Johanna Elise - "Johanna Elise - Eyes Don't Lie" to the queue at #27 (playing ~in  1 hour 39 mins) https://youtu.be/owZCj1gQogk"
1624,rizzo04,#FF00F3,"eat yellow snow on stream"
1630,bill_schitt,#008000,"@AnastasiaBvrhausen he's always doing it and then claims that I'M the bad person"
1666,bill_schitt,#008000,"im finishing it off right now, gimme a moment"
1666,anastasiabvrhausen,#FF00E7,"theres a bunch of iron in the chests nevo"
1672,bill_schitt,#008000,""and I""
1672,rizzo04,#FF00F3,""and i""
1674,bill_schitt,#008000,"fuck off"
1694,anastasiabvrhausen,#FF00E7,"ingots chest mate"
1694,anastasiabvrhausen,#FF00E7,"i think"
1705,born2shit_forced2wipe,#2E8B57,"thats called piracy mate"
1705,sofiyeg,#8A2BE2,"you trying to pretend like you helped is so on brand"
1732,anastasiabvrhausen,#FF00E7,"So you delegated"
1732,sofiyeg,#8A2BE2,"actual ceo mentality"
1755,bill_schitt,#008000,"steals credit, treats me like shit, and then calls me the bad person and then still expects help"
1775,anastasiabvrhausen,#FF00E7,"tom if you helped me i would give you a big kiss"
1792,rainze3,#B22222,"-231 -230 or smth is my overworld coords im still in lava i just checked im on 2 and half heart"
1796,born2shit_forced2wipe,#2E8B57,"NEVO THAKS IM GOING TO GET MY INDIAN NOW"
1801,born2shit_forced2wipe,#2E8B57,"I can give u sand when im back"
1822,rainze3,#B22222,"ffs"
1825,rizzo04,#FF00F3,"what was his name"
1834,anastasiabvrhausen,#FF00E7,"remember how you got so angry about the shyneboyz that you looked them up and got their doxxes"
1860,realkdy20,#0000FF,"why cant i kill miis anymore"
1886,luxembourgz99,,"What's the point in that"
1898,realkdy20,#0000FF,"bro gave up on his one gimmick"
1913,anastasiabvrhausen,#FF00E7,"hes gonna kill you btw"
1935,anastasiabvrhausen,#FF00E7,"lmfao"
1965,anastasiabvrhausen,#FF00E7,"mental patient"
2005,sofiyeg,#8A2BE2,"you pressed f8 or something i think"
2009,bill_schitt,#008000,"sent you the resource pack"
2014,sofiyeg,#8A2BE2,"i can't remember which f key it is"
2020,bill_schitt,#008000,"lmao nice mouse mate"
2030,anastasiabvrhausen,#FF00E7,"Good work Tom now come up to bed so we can snuggle hehe UvvU"
2033,bill_schitt,#008000,"I SENT YOU THE RESOURCE PACK"
2049,bill_schitt,#008000,"THEN FUCKING ANSWER ME"
2049,rizzo04,#FF00F3,"so ungrateful ]"
2063,sofiyeg,#8A2BE2,"thank you tom because nevo won't thank you for it"
2069,bill_schitt,#008000,"thank you sofiye"
2072,bill_schitt,#008000,"nevo1sSmiles"
2073,thetasigma01,#1E90FF,"Cheer100  just want to flex i made dairy milk chocolate spread sandwich and life is good"
2093,thetasigma01,#1E90FF,"thanks @bill_schitt"
2108,anastasiabvrhausen,#FF00E7,"new achey breaky heart parody just dropped"
2114,anastasiabvrhausen,#FF00E7,"WHAT THE FUCK"
2123,bill_schitt,#008000,"you should also go check out the nether @nevo1st"
2162,bill_schitt,#008000,"you asked me to do something with the resource pack remember"
2174,sofiyeg,#8A2BE2,"will probably die on the way back and lose them diamonds too"
2183,bartsimplton,#DAA520,"doesnt compliment someone until he gets paid"
2196,bartsimplton,#DAA520,"home is where the heart is mate"
2201,anastasiabvrhausen,#FF00E7,"Do you think taking a boat or using an elytra is a better way to get about"
2208,sofiyeg,#8A2BE2,"you can do !coords to know where to go nevo nevo1sSmiles"
2213,rizzo04,#FF00F3,"home is where the fart is mat e"
2246,rizzo04,#FF00F3,"like cd's?"
2255,rizzo04,#FF00F3,"cd's nuts mate"
2288,rizzo04,#FF00F3,"nevnation 4 was better"
2299,thetasigma01,#1E90FF,"@Rizzo04 yeah i had a caravan"
2301,sofiyeg,#8A2BE2,"rizzo you're the only one who thinks that"
2312,anastasiabvrhausen,#FF00E7,"THERES FIVE NEVO"
2319,anastasiabvrhausen,#FF00E7,"THE ONE YOU SKIPPED WAS ANOTHER NEW ONE TOO"
2324,rizzo04,#FF00F3,"do you shower facing towards the water or with your back to the water"
2341,anastasiabvrhausen,#FF00E7,"GET FLEWDEWED"
2351,rizzo04,#FF00F3,"LOL"
2356,sofiyeg,#8A2BE2,"best bit yet"
2359,rainze3,#B22222,"nevo can we have any discs we want or whats the system?"
2367,born2shit_forced2wipe,#2E8B57,"back"
2370,luigimangione2024,,"@SofiyeG i think theres a better one"
2370,born2shit_forced2wipe,#2E8B57,"what did i miss"
2371,rizzo04,#FF00F3,"wait did you find the hidden camera"
2394,bartsimplton,#DAA520,"turn up the jukeboxes mate"
2399,rizzo04,#FF00F3,"nice mate ok mate"
2400,bartsimplton,#DAA520,"silly nevo"
2401,rainze3,#B22222,"jukebox audio"
2403,rainze3,#B22222,"silly"
2408,sofiyeg,#8A2BE2,"definitely your fault"
2414,thetasigma01,#1E90FF,"u turned up the wrong music dumbass"
2415,rainze3,#B22222,"jukebox audio"
2424,rainze3,#B22222,"its just normal"
2427,rainze3,#B22222,"put 13"
2439,luxembourgz99,,"!sr powerplay bobbi arlo"
2440,rainze3,#B22222,"üî•"
2440,streamelements,#5B99FF,"@luxembourgz99, added Bobbi Arlo - Topic - "POWERPLAY" to the queue at #24 (playing ~in  1 hour 28 mins) https://youtu.be/wJORX7XkGS4"
2447,rizzo04,#FF00F3,"TUNE"
2452,sofiyeg,#8A2BE2,"BANGER"
2477,rainze3,#B22222,"a certified CHEWNüá¨üáß"
2479,rizzo04,#FF00F3,"fart brain"
2493,rizzo04,#FF00F3,"going for my tea."
2506,born2shit_forced2wipe,#2E8B57,"what u havin rizzo"
2511,rizzo04,#FF00F3,"yo momma"
2524,thetasigma01,#1E90FF,"can u show us the titties?"
2541,sofiyeg,#8A2BE2,"mine some yourself, half the point of the game"
2549,thetasigma01,#1E90FF,"u can have my last lot of coal but U OWE ME"
2552,rainze3,#B22222,"wjats the best tea? like earl grey or lady grey or english breakfast or whats the best?"
2554,born2shit_forced2wipe,#2E8B57,"it is called  MINEcraft mate"
2576,anastasiabvrhausen,#FF00E7,"wtf you on about earl grey is amazing"
2578,rainze3,#B22222,"what the fuck is "regular tea""
2595,luxembourgz99,,"!songlist"
2601,anastasiabvrhausen,#FF00E7,"EXACTLY"
2611,born2shit_forced2wipe,#2E8B57,"green tea is nice though"
2613,rainze3,#B22222,"ohh yea the one thats red twinings package iirc"
2616,luxembourgz99,,"Green tea is the best imo"
2619,rainze3,#B22222,"i like matcha personally"
2642,born2shit_forced2wipe,#2E8B57,"u have to make it properly"
2644,anastasiabvrhausen,#FF00E7,"green tea pills help bum disorders"
2650,born2shit_forced2wipe,#2E8B57,"out of a bag its burned"
2659,rainze3,#B22222,"matcha tea is so fucking yummi"
2663,anastasiabvrhausen,#FF00E7,"just a wee joke"
2664,anastasiabvrhausen,#FF00E7,"haha"
2668,born2shit_forced2wipe,#2E8B57,"good for u r piles nevo"
2690,born2shit_forced2wipe,#2E8B57,"inoccent smol bean cant cope"
2690,bill_schitt,#008000,"why are you like this"
2692,sofiyeg,#8A2BE2,"disappointing this"
2692,bill_schitt,#008000,"MAKE A SHIELD MATE"
2722,bill_schitt,#008000,"you mate need to restart your game then because they worked fine for me"
2738,bill_schitt,#008000,"COMBAT LOGGED"
2743,rainze3,#B22222,"i take meth dailyüëÖ"
2759,rainze3,#B22222,"(medication)"
2765,rainze3,#B22222,"(doctor says so)"
2774,rainze3,#B22222,"ohh hell yea"
2775,anastasiabvrhausen,#FF00E7,""Every year""
2781,anastasiabvrhausen,#FF00E7,"sorry just a joke"
2781,luxembourgz99,,"1 year"
2787,thetasigma01,#1E90FF,"Cheer100  did you remove the new old pack and add the new one?"
2792,realkdy20,#0000FF,"who will still be here in december"
2801,bill_schitt,#008000,"LMAO"
2805,rainze3,#B22222,"new old packüî•"
2805,bill_schitt,#008000,"THAT WASNT ME DICK HEAD"
2810,anastasiabvrhausen,#FF00E7,"can you please speak in a soft and gentle voice for the rest of the stream i want to sleep"
2811,luxembourgz99,,"That's thetasigma u donut"
2811,thetasigma01,#1E90FF,"TOM!?"
2813,bill_schitt,#008000,"SEE HOW MUCH OF A COCK END HE IS"
2815,bill_schitt,#008000,"ACTUALLY EXPOSED"
2818,thetasigma01,#1E90FF,"THAT WAS ME U CUNT!"
2829,born2shit_forced2wipe,#2E8B57,"this is just the be horrible to chat stream?"
2834,bill_schitt,#008000,"that was skill tbh"
2838,rainze3,#B22222,"can you add a tts for channel points aswell?"
2844,poppo2016,,"BOMBBBBBBB"
2847,sofiyeg,#8A2BE2,"actually crying for help for every small obstacle he encounters"
2867,alanparcels,#008000,"rizz"
2874,poppo2016,,"!sr bomb Kanye west"
2875,streamelements,#5B99FF,"@poppo2016, added KanyeWestVEVO - "¬•$, North West, Chicago West, Yuno Miles - BOMB" to the queue at #23 (playing ~in  1 hour 26 mins) https://youtu.be/qeWutl38TQw"
2876,born2shit_forced2wipe,#2E8B57,"id say show me them titties"
2882,poppo2016,,"yipeee"
2888,poppo2016,,"it‚Äôs never getting played"
2889,luxembourgz99,,"Kill myself or say hi depending on the day"
2900,anastasiabvrhausen,#FF00E7,"what would you do if you checked into a hotel, went upstairs to your room, went to have a nice bath and found human faeces in the bathtub"
2917,nightbot,#7C7CE1,"JOIN MY DISCORD IF YOU ARE NOT WEIRD (15+) https://discord.com/invite/aUSKbeJPXp"
2919,luxembourgz99,,"Bet üòéüëç"
2921,rainze3,#B22222,"shoot myself with a 20 gauge remington model 11"
2931,born2shit_forced2wipe,#2E8B57,"me when im in huddersfield"
2942,anastasiabvrhausen,#FF00E7,"do you know da way"
2991,rainze3,#B22222,"sorry guys i MIGHT not shoot myself with a 20 gauge remington"
3013,anastasiabvrhausen,#FF00E7,"just put yourself in creative and make yourself 3 disc spawn eggs"
3014,rainze3,#B22222,"üî•"
3018,born2shit_forced2wipe,#2E8B57,"why did he record it from the radio"
3027,bartsimplton,#DAA520,"nevo1sSmiles nevo1sSmiles"
3038,anastasiabvrhausen,#FF00E7,"?????????????"
3046,sofiyeg,#8A2BE2,"nevo1sFrowns nevo1sFrowns nevo1sFrowns"
3047,anastasiabvrhausen,#FF00E7,"didn't even ask to kiss them"
3047,rainze3,#B22222,"@Born2Shit_Forced2Wipe for comedic effect"
3051,bill_schitt,#008000,"nevo1sSmiles"
3052,bartsimplton,#DAA520,"nevo1sSmiles nevo1sSmiles nevo1sSmiles nevo1sSmiles nevo1sSmiles nevo1sSmiles nevo1sSmiles  nevo1sSmiles nevo1sSmiles nevo1sSmiles"
3053,anastasiabvrhausen,#FF00E7,"nevo1sSmiles nevo1sSmiles nevo1sSmiles nevo1sSmiles nevo1sSmiles"
3077,luxembourgz99,,"Nevo what are your thoughts on Nikita's country, Moldova withdrawing from Eurovision because they said all the songs were too shit to compete"
3090,bill_schitt,#008000,"i like the tits on the wall"
3091,bill_schitt,#008000,"nice edition"
3102,rainze3,#B22222,"can we get a permalink to the pack on the discord?"
3102,luigimangione2024,,"@luxembourgz99 is it nikita dragon"
3107,anastasiabvrhausen,#FF00E7,"can you do some asmr for me so i can have a wee sleep x"
3122,luxembourgz99,,"Yea that's basically what the head of directors said lol"
3125,bill_schitt,#008000,"CHECK OUT THE PUMPKINS TOO"
3134,bill_schitt,#008000,"carved pumpkins"
3152,born2shit_forced2wipe,#2E8B57,"jack o titties i hope"
3161,luxembourgz99,,"Tbf all the songs were so shit that a pedophile got through to the final"
3178,anastasiabvrhausen,#FF00E7,"you cant just ask a woman to see her pumpkins"
3181,alanparcels,#008000,"you just ignoring my pumpkins then nevo"
3182,rainze3,#B22222,"yes very much ew"
3191,rainze3,#B22222,"atleast not asking for melons"
3193,luxembourgz99,,"OkM"
3195,born2shit_forced2wipe,#2E8B57,"looks like tom a bit"
3209,bill_schitt,#008000,"it doesnt light up"
3213,bill_schitt,#008000,"yet anyway"
3227,bill_schitt,#008000,"because i didnt make it yet and i didnt think it'd matter"
3234,bill_schitt,#008000,"lmao"
3238,bill_schitt,#008000,"ill fix it later"
3246,bill_schitt,#008000,"i made that texture custom too nevo1sSmiles"
3265,bill_schitt,#008000,"you know it just PAINS him to compliment me"
3268,born2shit_forced2wipe,#2E8B57,"tom: good at pizzas and resource packs"
3277,sofiyeg,#8A2BE2,"so you didn't even delegate?"
3295,bartsimplton,#DAA520,"5 big booms for tom"
3296,sofiyeg,#8A2BE2,"pat pat"
3301,bill_schitt,#008000,"HeyGuys"
3320,paulmccartneyy_,#DAA520,"wouldn‚Äôt pat Tom on the back with a 10 foot pole but good job"
3330,luigimangione2024,,"not enough tan on them milfs sadly"
3349,rainze3,#B22222,"nevo do i assume correctly when i assume that most people on the server are from the kingdom of the united variety?"
3351,thetasigma01,#1E90FF,"check the nether"
3352,bill_schitt,#008000,"@paulmccartneyy_ nevo1sFrowns"
3379,born2shit_forced2wipe,#2E8B57,"marble"
3381,born2shit_forced2wipe,#2E8B57,"or granite"
3385,born2shit_forced2wipe,#2E8B57,"something bougie"
3392,alanparcels,#008000,"and melons?"
3394,born2shit_forced2wipe,#2E8B57,"quartz can look plain"
3397,tashathetwat,,"hello my favourite ginger !! nevo1sSmiles"
3403,luxembourgz99,,"Yea"
3413,poppo2016,,"I apologise for calling you a mean word nevo"
3424,poppo2016,,"I apologise deeply I will never ever again"
3435,luxembourgz99,,"Nevo i would reply to your dm"
3448,tashathetwat,,"I actually proved your not ginger. Twas only joking. only stopping by because I am tired and got shouted at by a bald man nevo1sFrowns"
3459,luxembourgz99,,"Probs"
3462,born2shit_forced2wipe,#2E8B57,"now you know what it feels like trying to dm you bestie"
3465,poppo2016,,"god maybe I do have something to live for nevo1sSmile"
3475,thetasigma01,#1E90FF,"@nevo1st if u ever get callum on can i join for that?"
3488,poppo2016,,"hat about Charlie the commentator"
3490,tashathetwat,,"bigger twat than me he is"
3495,poppo2016,,"that would slap"
3498,luxembourgz99,,"Eurovision singers reply to everyone I reckon you could get Sarah"
3512,rainze3,#B22222,"nevo open a Pee Ooh box so we can send you shit on christmas for you to stream"
3525,tashathetwat,,"okay goodbye Nevo and chat !! nevo1sSmiles peace and love"
3550,rainze3,#B22222,"@Tashathetwat ringo from the beatles!? peace and luv?"
3562,hlkfjojhty,#0000FF,"why aren't you playing fortnite?"
3565,rainze3,#B22222,"in an ender chest to make it surely safe"
3565,rizzo04,#FF00F3,"back from tea hehe hi :3333333 trumped"
3577,luxembourgz99,,"I love jazz so much üôè"
3581,luxembourgz99,,"True"
3588,sofiyeg,#8A2BE2,"how was the tea rizzo?"
3596,rizzo04,#FF00F3,"bloodeh lovely"
3602,luxembourgz99,,"I'll summon all the alts"
3606,rizzo04,#FF00F3,"mmm yummy *rubs big full tummy*"
3630,hlkfjojhty,#0000FF,"quick reminder to vote for my seaplane for nevvies 2025"
3633,rizzo04,#FF00F3,"i think they hurt mate"
3635,bigmanting1337_,#8A2BE2,"whats the outlook like for elford?"
3641,rainze3,#B22222,"thoughts on the current situation of the world? (moreso the states)"
3643,luxembourgz99,,"You need 1 piece"
3647,sofiyeg,#8A2BE2,"no just one piece i think"
3650,rizzo04,#FF00F3,"what about now mat e"
3653,sofiyeg,#8A2BE2,"worked for me at least"
3657,bigmanting1337_,#8A2BE2,"hows he playing?"
3661,rainze3,#B22222,"THE ONE PIECE IS REAL!?"
3668,sofiyeg,#8A2BE2,"but the big pig things still kill you"
3678,rizzo04,#FF00F3,"i think you need to just breathe for a moment its okay hubby"
3683,bigmanting1337_,#8A2BE2,"@sofiyeg big pig?"
3688,hlkfjojhty,#0000FF,"why've you got your nips out"
3697,born2shit_forced2wipe,#2E8B57,"hi ryan"
3701,rizzo04,#FF00F3,"want a chocolate coated meringue rn"
3705,rainze3,#B22222,"hi ryan!"
3706,bigmanting1337_,#8A2BE2,"hello BMC"
3725,sofiyeg,#8A2BE2,"@bigmanting1337_ yeah i don't know the name of that mob that is always with the pigmen"
3739,bigmanting1337_,#8A2BE2,"@sofiyeg big pig reference"
3766,bigmanclown,#0000FF,"Helloooo!!!"
3773,poppo2016,,"nevostein island"
3774,rizzo04,#FF00F3,"haha you should NETHER go back there"
3781,sofiyeg,#8A2BE2,"i agree the nether is horrible"
3791,sofiyeg,#8A2BE2,"nearly lost my silk touch pick in there"
3793,luxembourgz99,,"WHYRE YOU CHASING IT DOWN üò≠üò≠üò≠"
3815,luigimangione2024,,"nevos in the nether and hes at the end of his tether ayyyy should he go back there probablly never ayyyy"
3823,rizzo04,#FF00F3,"link??"
3826,bill_schitt,#008000,"she wasnt even trying to hide it"
3830,bill_schitt,#008000,"it was like in the middle of the shop"
3835,born2shit_forced2wipe,#2E8B57,"nevo did u see that vid of the woman putting a cat in a wheelie bin?"
3836,sofiyeg,#8A2BE2,"which one, because i've seen several of those"
3840,luxembourgz99,,"Let him speak his truth"
3849,hlkfjojhty,#0000FF,"you should blow it all up"
3850,bill_schitt,#008000,"WHY ARE YOU LIKE THIS"
3853,fivootm,#00973E,"LMFAO"
3857,bill_schitt,#008000,"ACTUAL MONEY SINK"
3859,bigmanting1337_,#8A2BE2,"video of what my stream lagged"
3864,ma1va_,,"HOW ARE YOU SO BAD AT THIS GAME"
3864,rizzo04,#FF00F3,"yeah.... not your fault man totally"
3865,bigmanting1337_,#8A2BE2,"holy shit üò≠üò≠"
3878,bill_schitt,#008000,"mate just stop going in with valuable stuff"
3882,hlkfjojhty,#0000FF,"imagine that"
3883,sofiyeg,#8A2BE2,"definitely not your fault mate nevo1sSmiles"
3888,danigoated,,"its ok nevo you will persist"
3896,alanparcels,#008000,"change career paths lad"
3900,bigmanting1337_,#8A2BE2,"biggest knobhead award:"
3913,rizzo04,#FF00F3,"i love how you'll die with something valueable then decide to do it again, and again, and again, whinging that you lost somet valuable"
3926,bill_schitt,#008000,"TELL RYAN TO LOOK IN YOUR MUMS DIRT BOX, OWEN"
3948,rizzo04,#FF00F3,"you tell him mate"
3967,luxembourgz99,,"Nevo what do I do if none of my expected grades are above a 5"
3968,rizzo04,#FF00F3,"massive cow middle left"
3996,bigmanting1337_,#8A2BE2,"hoglin middle left"
4013,rizzo04,#FF00F3,"i've got some he can take, in the rat tunnel in the aquarium"
4040,bigmanting1337_,#8A2BE2,"@rizzo04 tunnelling rat middle left"
4083,bigmanting1337_,#8A2BE2,"white concrete or white wool"
4096,rainze3,#B22222,"https://www.twitch.tv/nevo1st/clip/AnimatedSucculentSalmonTTours-A1wb8d0tNClb-Tk_"
4112,bigmanting1337_,#8A2BE2,"or pale oak if u can find any but get 4 saplings to renew it"
4115,rizzo04,#FF00F3,"sand gravel and dye"
4120,sofiyeg,#8A2BE2,"gravel sand + a dye of your choosing"
4132,hlkfjojhty,#0000FF,"I saw your fancy sugarcane farm, you're such a sweat"
4138,rizzo04,#FF00F3,"i have some spare take it in my rat tunnel"
4179,bigmanting1337_,#8A2BE2,"rat middle left"
4187,rizzo04,#FF00F3,"go in, reception"
4192,rizzo04,#FF00F3,"trap door behind desk"
4197,sofiyeg,#8A2BE2,"is nevo more rat or more frog chat?"
4204,bill_schitt,#008000,"frog"
4204,rizzo04,#FF00F3,"theres more"
4207,sofiyeg,#8A2BE2,"GET FLEWDEWED"
4207,rainze3,#B22222,"rat for sure"
4214,bartsimplton,#DAA520,"rat"
4227,rizzo04,#FF00F3,"in one of the chests i havent organised"
4233,bigmanting1337_,#8A2BE2,"shit minecraft player middle left"
4233,born2shit_forced2wipe,#2E8B57,"ooh frog is good"
4233,rainze3,#B22222,"nevo start a poll"
4239,rainze3,#B22222,"rat or frog"
4248,hlkfjojhty,#0000FF,"you give off frat energy"
4250,bigmanting1337_,#8A2BE2,"!poll"
4253,bigmanting1337_,#8A2BE2,"awhh"
4262,bigmanting1337_,#8A2BE2,"PowerUpL nevo1sSmile PowerUpR"
4276,sofiyeg,#8A2BE2,"chat seems to disagree"
4312,bigmanting1337_,#8A2BE2,"9*"
4320,born2shit_forced2wipe,#2E8B57,"take a rats skin and apply it to a frog"
4320,rizzo04,#FF00F3,"where's bald muppet"
4323,born2shit_forced2wipe,#2E8B57,"thats u :)"
4346,bigmanting1337_,#8A2BE2,"I know exactly what he‚Äôs on about"
4364,rizzo04,#FF00F3,"WAIT NO I KNOW EXACLTY WHAT YOU LOOK LIKE"
4372,bigmanting1337_,#8A2BE2,"probably same height"
4372,rizzo04,#FF00F3,"a nobhead"
4399,bigmanting1337_,#8A2BE2,"let me find it"
4416,bartsimplton,#DAA520,"ur personality is more frog"
4431,sofiyeg,#8A2BE2,"i may be influenced by you eating cheese yesterday a lot"
4449,bigmanting1337_,#8A2BE2,"just chatting NOW"
4458,bill_schitt,#008000,"ew"
4465,bill_schitt,#008000,"dont ask him to "plunder your iron reserves""
4482,bill_schitt,#008000,"i didnt get tummy ache, i just felt ill from drinking a lot of water"
4486,born2shit_forced2wipe,#2E8B57,"DO NOT TUMMY ACHE SHAME"
4488,rizzo04,#FF00F3,"are you the messenger or somet?"
4511,sofiyeg,#8A2BE2,"that's such a whimsical reason to have a tummy ache"
4515,bigmanting1337_,#8A2BE2,"check just chatting"
4531,rizzo04,#FF00F3,"ewwww man"
4536,rizzo04,#FF00F3,"thats fucking gross get it off"
4552,rizzo04,#FF00F3,"rotten teggers"
4566,bigmanting1337_,#8A2BE2,"looks like the bean security guy from FMF"
4577,sofiyeg,#8A2BE2,"no white to be seen"
4580,bartsimplton,#DAA520,"my dentist is a rat in disguise because she only talked about me eating more cheese"
4581,born2shit_forced2wipe,#2E8B57,"cope"
4585,bigmanting1337_,#8A2BE2,"Cheese yellow chompers*"
4587,rainze3,#B22222,"nevo thoughts on the current situation of the world especially the states of muricah"
4639,bigmanting1337_,#8A2BE2,"JAMIE HE‚ÄôS PLANTING IEDs STOP HIM"
4651,rainze3,#B22222,"agreed"
4653,rizzo04,#FF00F3,"nevo can you shut up jesus christ"
4693,rainze3,#B22222,"how could nevo make jesus shut up?"
4697,rainze3,#B22222,"jesus is dead"
4706,rizzo04,#FF00F3,"yeah all about you again..."
4722,iu_cyy,#DAA520,"hi nevo im fucking shattered"
4732,sofiyeg,#8A2BE2,"hi lucy!!"
4732,rainze3,#B22222,"a brothel?"
4734,nightbot,#7C7CE1,"JOIN MY DISCORD IF YOU ARE NOT WEIRD (15+) https://discord.com/invite/aUSKbeJPXp"
4736,rainze3,#B22222,"love hotel"
4739,bigmanting1337_,#8A2BE2,"@iu_cyy too much gin?"
4740,iu_cyy,#DAA520,"sofiyeeee <3"
4742,rainze3,#B22222,"make the nintendo love hotel"
4749,kattycat124,,"nevo beg compilation"
4762,iu_cyy,#DAA520,"@bigmanting1337_ nah ive been at work until 9pm cause its inventory tonight"
4790,born2shit_forced2wipe,#2E8B57,"im gonna make it kittycat"
4799,sofiyeg,#8A2BE2,"so lucky that there was a new guy i taught how to do inventory so had a nice day off"
4799,rainze3,#B22222,"nevo what was my first message please check"
4806,sofiyeg,#8A2BE2,"inventory is so annoying"
4824,bigmanting1337_,#8A2BE2,"Jamies like the project manager making sure that u aren‚Äôt planting IEDs under the airport"
4839,poppo2016,,"beavo"
4840,sofiyeg,#8A2BE2,"i'll check for you rainze, give me a minute"
4840,iu_cyy,#DAA520,"sooo fucking annoying, i started work at 12pm though so i got to go home at 9 rather than midnight/maybe later than that"
4847,rainze3,#B22222,"nevo we need to know what was my first chat on twitch"
4849,iu_cyy,#DAA520,"and my parents got me a pizza so im winning"
4867,iu_cyy,#DAA520,"THAT WASNT TO YOU but i appreciate the thought owen"
4882,bigmanting1337_,#8A2BE2,"ü§æ‚Äç‚ôÇÔ∏è"
4883,thetasigma01,#1E90FF,"what was my 1st chat?"
4898,sofiyeg,#8A2BE2,"your first message was "HELLO NEVO" @rainze3"
4905,sofiyeg,#8A2BE2,"i already checked nevo"
4906,bigmanting1337_,#8A2BE2,"how many messages have I sent"
4907,bartsimplton,#DAA520,"what was my 8th chat??"
4913,rainze3,#B22222,"@SofiyeG quite on point"
4922,iu_cyy,#DAA520,"yikes wouldnt wanna raid from that guy!"
4922,bill_schitt,#008000,"owen can you check my chats please"
4925,thetasigma01,#1E90FF,"@SofiyeG what was mine lol"
4932,thetasigma01,#1E90FF,"@Iu_cyy based"
4937,rainze3,#B22222,"tf you mean dont gaf eight is like the coolest number there is"
4943,sofiyeg,#8A2BE2,"@ThetaSigma01 you definitely have too many messages to scroll back on"
4945,bigmanting1337_,#8A2BE2,"how many chats have i sent"
4945,sofiyeg,#8A2BE2,"sorry"
4948,luxembourgz99,,"!sr Armageddon minimal Wind"
4949,streamelements,#5B99FF,"@luxembourgz99, added Minimal Wind - "Minimal Wind - Armageddon (Official Music Video) [Eesti Laul 2025]" to the queue at #16 (playing ~in  55 mins 13 secs) https://youtu.be/Xc5EY6Fg3Uc"
4955,thetasigma01,#1E90FF,"@SofiyeG more then likely"
4962,iu_cyy,#DAA520,"they put like, excess cheese on my pizza and thank fuck i like mozzarella"
5000,iu_cyy,#DAA520,"thanks bestie :) i hope the decor on the dock is to your liking"
5002,rainze3,#B22222,"aura cheese is fucking amazing i love it"
5029,iu_cyy,#DAA520,"he just like, physically lagged"
5031,sofiyeg,#8A2BE2,"doesn't all mozzarella come like that?"
5042,spicedloaf,,"eating mozzarella like an apple"
5051,iu_cyy,#DAA520,"@sofiyeg processed shit comes in like grated cheese bags n stuff"
5055,rainze3,#B22222,"nevo come to finland and try aura cheese at some point please its so fucking good"
5065,bigmanting1337_,#8A2BE2,"nevo you have the mouth to eat potatoes like apples and swallow cherry tomatoes whole"
5081,sofiyeg,#8A2BE2,"mozzarella with chili oil is lovely"
5090,bigmanting1337_,#8A2BE2,"i used to have these little cheddar cubes that were well nice"
5090,rainze3,#B22222,"nevo you must try aura cheese"
5091,rainze3,#B22222,"please"
5093,rainze3,#B22222,"nevo nevo"
5095,iu_cyy,#DAA520,"slicing open a chicken breast, sticking slices of mozzarella in it and then like wrapping it in expensive bacon is so good"
5097,rainze3,#B22222,"aura cheese"
5126,sofiyeg,#8A2BE2,"buried in creamy ooey gooey cheese ü•¥ü•¥"
5126,iu_cyy,#DAA520,"owen where did the eat cheese goal go :("
5139,sofiyeg,#8A2BE2,"he got rid of it because it lade him sick"
5150,iu_cyy,#DAA520,"LMAOOO you're joking?"
5169,rizzo04,#FF00F3,"NO I DID NOT"
5180,rainze3,#B22222,"nevo please try aura cheese its so good oml you dont even understand"
5181,hairehdb,#9E5C9D,"disgusting creature using all the beans from the tin nevo1sFrowns"
5184,sofiyeg,#8A2BE2,"the linux rant was nice"
5184,iu_cyy,#DAA520,"ryan firefox or edge"
5206,bigmanting1337_,#8A2BE2,"Nevo you look like the type to drink soy sauce out the bottle"
5207,rizzo04,#FF00F3,"haha do do"
5236,rainze3,#B22222,"nevo holy shit PLEASE try aura cheese its amazing"
5242,iu_cyy,#DAA520,"nevo cheese or crackers"
5257,hairehdb,#9E5C9D,"ryan thoughts on the current trend of companies changing their brands to be more minimalistic? would really love to hear your take! nevo1sSmiles"
5260,born2shit_forced2wipe,#2E8B57,"bro thinks he walace"
5266,iu_cyy,#DAA520,"you have to pick one"
5269,iu_cyy,#DAA520,":("
5273,sofiyeg,#8A2BE2,"nevo you should try limbourger herve cheese, it reeks but the taste is great"
5303,iu_cyy,#DAA520,"pick one cheese or crackers :(("
5316,sofiyeg,#8A2BE2,"don't want to be flewdewed again"
5319,hairehdb,#9E5C9D,"LMAO I THOUGHT I'D HOOK HIM LIKE A FISH"
5323,iu_cyy,#DAA520,"NONONO SOFIYE :("
5334,iu_cyy,#DAA520,"UGH i wanted flewdew him!!!!!"
5338,rainze3,#B22222,"you wont believe how many times ive heard that, aura cheese is a finnish delicacy of sorts its cause it was made nearby a river called aura originally (aura is like a plow as in like a snowplow is a lumiaura)"
5350,iu_cyy,#DAA520,"cheese lore"
5353,bill_schitt,#008000,"know a lot about nazi history, you do owen"
5357,sofiyeg,#8A2BE2,"is that why it tastes so bad"
5372,rainze3,#B22222,"@bill_schitt yoda?"
5389,rainze3,#B22222,"WHAT THE FUCK IS THAT 500ml FONT HELP"
5391,born2shit_forced2wipe,#2E8B57,"fanta gone woke?"
5414,iu_cyy,#DAA520,"woke companies"
5421,rainze3,#B22222,"that bottle shape is used by literally all the cheapo off brand sodas at Lidl"
5426,bill_schitt,#008000,"the fanta in america is insanely addictive"
5446,sofiyeg,#8A2BE2,"yeah it mountain dew did something similar i think"
5448,bill_schitt,#008000,"also its actually orange from the dyes they use"
5452,bill_schitt,#008000,"rather than yellow"
5460,rainze3,#B22222,"that bottle is more recognizable LMFAO"
5476,bill_schitt,#008000,"nevo used to edit hitler's tiktok clips"
5478,iu_cyy,#DAA520,"already full and ive only had 3 slices of a medium pizza"
5479,hairehdb,#9E5C9D,"why do you know so much about nazis???"
5484,rizzo04,#FF00F3,"thought that was cereal"
5495,iu_cyy,#DAA520,"you're such a history nerd"
5495,sofiyeg,#8A2BE2,"a lot of big german companies still operated during the ww2 period"
5512,bill_schitt,#008000,""im just a big nazi fan""
5515,iu_cyy,#DAA520,"yeah yeah whatever"
5522,bill_schitt,#008000,"THERE'S DIRT IN YOUR BOX TOO, MATE"
5523,sofiyeg,#8A2BE2,"why are you so aggressive to kacie?"
5525,rainze3,#B22222,"the old fanta bottle shape design is used by literally all the cheapo off brand sodas at Lidl every single one of them ALL OF THEM its not unique or cool its impractical, ugly, and thin shitty plastic that crimples up"
5537,iu_cyy,#DAA520,"abuse.."
5549,rizzo04,#FF00F3,"fucking fanta nerds in chat"
5558,bartsimplton,#DAA520,"my stream froze and it was just nevo smiling and silence and it took me 3 minutes to realise something was wrong"
5572,sofiyeg,#8A2BE2,"i'd rather have the linux discussion than a plastic bottle discussion"
5584,iu_cyy,#DAA520,"wish i just got dominos cookies instead"
5590,iu_cyy,#DAA520,"time to lay in bed and watch nevo1st!"
5596,sofiyeg,#8A2BE2,"@bartsimplton no he actually did that"
5635,rainze3,#B22222,"the new fanta bottle shape is trademarked so no one can use it apart from coca cola company so its literally the only brand using it, they made it as reconginazble as possible thats such a stupid reason to change it cus even the old is better"
5637,iu_cyy,#DAA520,"of course jamies talking about lidl bakery mr i have a chinese everyday ec"
5644,cocokofu,,"@Iu_cyy im doing this too but i will fall asleep within 5 minutes"
5668,sofiyeg,#8A2BE2,"wait where is this island being built?"
5672,rizzo04,#FF00F3,"im not going to help["
5673,rainze3,#B22222,"ryan i agree the old bottle is still better yes"
5737,sofiyeg,#8A2BE2,"lying again mate, fivoo said he doesn't want you and your BO anywhere near his base..."
5755,bartsimplton,#DAA520,"nevo can you talk with your mouth closed or is that just my wifi??"
5795,rainze3,#B22222,"whats funny is the new fanta bottle design is trademarked to hell and back so no one could ever use it, its the only one that looks like it and is actually very recognizable, why would they do that thats a stupid reason to change it it didnt even work"
5825,iu_cyy,#DAA520,"owen are you marrying a different male nevo1st fan this server"
5830,iu_cyy,#DAA520,"or is it rizzo again"
5860,rainze3,#B22222,"!sr veritahrat english mix"
5861,streamelements,#5B99FF,"@rainze3, added Apulanta - Topic - "Veritahrat (English Mix)" to the queue at #12 (playing ~in  39 mins 54 secs) https://youtu.be/TLjGn9Iv6C0"
5892,rainze3,#B22222,"!sr lootusasentoon kalle p√§√§talo"
5893,streamelements,#5B99FF,"@rainze3, added hunajapaska - "Kalle P√§√§talo - Lootusasentoon" to the queue at #13 (playing ~in  42 mins 49 secs) https://youtu.be/pJOlrLyCnIw"
5911,iu_cyy,#DAA520,"im sorry that your brother passed away he gets five big booms!"
5914,rainze3,#B22222,"!sr syd√§meni osuman sai"
5915,streamelements,#5B99FF,"@rainze3, added Katusutariina - "Siiri Nordin  -  Syd√§meni osuman sai  +  sanat" to the queue at #14 (playing ~in  45 mins 50 secs) https://youtu.be/j_Tbn4i0Chc"
5936,iu_cyy,#DAA520,"if i were single i would"
5949,iu_cyy,#DAA520,"tbf i tell my boyfriend he gets five big booms"
5952,rizzo04,#FF00F3,"wait nevo guess what"
5970,sofiyeg,#8A2BE2,"i literally said that but you just ignored my message nevo1sFrowns"
5979,rizzo04,#FF00F3,"no nevo genuinley guess what"
5988,rainze3,#B22222,"wait ill go message my boyfriend he gets 5 big booms on the boom meter ill report back when he responds"
5996,rizzo04,#FF00F3,"PIG SNOT"
6013,bill_schitt,#008000,"? what was it"
6015,bill_schitt,#008000,"i couldnt even hear music"
6018,bill_schitt,#008000,"oh lmao"
6018,rizzo04,#FF00F3,"we couldnt hear it anyway"
6039,thetasigma01,#1E90FF,"!sr https://www.youtube.com/watch?v=P6JKLKmdLkI"
6039,streamelements,#5B99FF,"@ThetaSigma01, added Callums Corner - "I Do NOT Have An STD - You've Crossed The Rubicon This Time - A Promise." to the queue at #14 (playing ~in  46 mins 55 secs) https://youtu.be/P6JKLKmdLkI"
6092,luigimangione2024,,"hello nevo just sent you a video on discord i think you should share it with the whole stream it is incredible its stream friendly too"
6099,iu_cyy,#DAA520,"im gonna lick your arse tonight is playing"
6108,kerloud,#DADADA,"!coords"
6108,nightbot,#7C7CE1,"THE NEVIDORM STRIP -271 64 133"
6126,iu_cyy,#DAA520,"owen listen to the song"
6133,rainze3,#B22222,"!sr kk bubblegum"
6134,streamelements,#5B99FF,"@rainze3, added K.K. Slider - "Bubblegum K.K. - K.K. Slider" to the queue at #15 (playing ~in  52 mins 18 secs) https://youtu.be/mIS6qIVOWxI"
6137,rainze3,#B22222,"!sr animal crossing"
6149,rainze3,#B22222,"!sr kk cruisin"
6150,streamelements,#5B99FF,"@rainze3, added Biticular - "K.K. Cruisin' (ACNH)" to the queue at #16 (playing ~in  53 mins 50 secs) https://youtu.be/k9K3hgehsVM"
6165,sofiyeg,#8A2BE2,"i love this song"
6167,rainze3,#B22222,"!sr animal crossing"
6168,streamelements,#5B99FF,"@rainze3, could not add song: The requested song is too long"
6171,fivootm,#00973E,"?"
6172,sofiyeg,#8A2BE2,"nevermind it's done already"
6196,rainze3,#B22222,"the jukebox"
6224,iu_cyy,#DAA520,"!sr https://youtu.be/rvAGVO_A9ig?si=yAAPCiiz3R1STBjo"
6224,streamelements,#5B99FF,"@Iu_cyy, added The American Dawn - Topic - "Her" to the queue at #16 (playing ~in  52 mins 44 secs) https://youtu.be/rvAGVO_A9ig"
6250,iu_cyy,#DAA520,"WE NEED A CLUB HOLY SHIT YOU'RE SO RIGHT"
6276,rainze3,#B22222,"i need to have atleast one pirate themed disc cuz the sea fort is gonna be pirate themed and ther will be a pirate ship outside it and stuff"
6278,sofiyeg,#8A2BE2,"price of land along the strip is outrageous"
6279,iu_cyy,#DAA520,"sofiye we should build like a bar/club on the water when we do our water builds"
6285,iu_cyy,#DAA520,"that would be so fucking great"
6286,sofiyeg,#8A2BE2,"we should"
6319,rainze3,#B22222,"we need to have atleast one pirate themed disc cuz the sea fort is gonna be pirate themed and ther will be a pirate ship outside it and stuff"
6323,luigimangione2024,,"its so funny its just that bald guy shouting"
6326,luigimangione2024,,"youd love it"
6348,iu_cyy,#DAA520,"tom add the jellyfish jam as a disc"
6376,rizzo04,#FF00F3,"no mate"
6376,born2shit_forced2wipe,#2E8B57,"its so shite"
6382,born2shit_forced2wipe,#2E8B57,"i dont wanna inject fluids into my mouth"
6386,iu_cyy,#DAA520,"collar stay poppin!"
6387,rainze3,#B22222,"tom also add some pirate song preferrably from sea of thieves soundtrack"
6394,born2shit_forced2wipe,#2E8B57,"and drink out of test tubes"
6414,born2shit_forced2wipe,#2E8B57,"okay if work is paying"
6435,iu_cyy,#DAA520,"oh btw owen did you add my msp nevo art to the starting soon screen"
6435,alanparcels,#008000,"heroin"
6450,iu_cyy,#DAA520,"moviestarplanet"
6464,iu_cyy,#DAA520,"okay good :3"
6471,rainze3,#B22222,"i thought microsoft paintüò≠"
6474,rizzo04,#FF00F3,"add us as the snails"
6476,iu_cyy,#DAA520,"burpy boy!"
6509,nightbot,#7C7CE1,"JOIN MY DISCORD IF YOU ARE NOT WEIRD (15+) https://discord.com/invite/aUSKbeJPXp"
6514,sofiyeg,#8A2BE2,"it actually is stunning, i accidentally stumbled across it"
6544,thetasigma01,#1E90FF,"same @sofiyeg"
6645,iu_cyy,#DAA520,"yikess drama"
6697,iu_cyy,#DAA520,"wrong arm"
6702,thetasigma01,#1E90FF,"good house fivoo"
6720,sofiyeg,#8A2BE2,"can you stop panting mate"
6721,iu_cyy,#DAA520,"jk got ten big booms out of you for fivoo"
6733,iu_cyy,#DAA520,"BIG AJ"
6746,bigmanting1337_,#8A2BE2,"Ajaaaay?"
6750,iu_cyy,#DAA520,"nevo can we watch the new boom family song"
6753,iu_cyy,#DAA520,"its fucking great"
6762,bigmanting1337_,#8A2BE2,"nice voicecrack m8"
6782,bigmanting1337_,#8A2BE2,"mate big justice is like 9"
6785,bigmanting1337_,#8A2BE2,"üò≠üò≠üò≠"
6787,sofiyeg,#8A2BE2,""the integrity of wrestling" isn't the whole point none of it is real"
6798,bigmanting1337_,#8A2BE2,"AJ almost certainly voted republican"
6804,sofiyeg,#8A2BE2,"toss him off???"
6806,rizzo04,#FF00F3,"TOSS HIM OFF?"
6811,iu_cyy,#DAA520,"!sr https://youtu.be/ZmSXB_lGlms?si=XHyYWR7QGmUKFBf9"
6811,streamelements,#5B99FF,"@Iu_cyy, added A.J. & Big Justice - "A.J. & Big Justice - Breaking the BOOM Meter!üí• (Official Music Video)" to the queue at #15 (playing ~in  44 mins 4 secs) https://youtu.be/ZmSXB_lGlms"
6827,bigmanting1337_,#8A2BE2,"im winning the womens royal rumble mate"
6828,iu_cyy,#DAA520,"why is deji playing"
6832,rizzo04,#FF00F3,"you look like him alot"
6832,iu_cyy,#DAA520,"!skip"
6837,iu_cyy,#DAA520,"uh ohhh..."
6839,bigmanting1337_,#8A2BE2,"is he your type?"
6844,iu_cyy,#DAA520,"HOW DO WE SKIP DEJI YAPPING"
6851,born2shit_forced2wipe,#2E8B57,"!voteskip"
6851,streamelements,#5B99FF,"@Born2Shit_Forced2Wipe Skip requested! Current song will be skipped in 3 more votes!"
6854,born2shit_forced2wipe,#2E8B57,"lucy its voteskip"
6857,iu_cyy,#DAA520,"!voteskip"
6858,streamelements,#5B99FF,"@Iu_cyy Skip requested! Current song will be skipped in 2 more votes!"
6859,bigmanting1337_,#8A2BE2,"!voteskip"
6859,streamelements,#5B99FF,"@BigManTing1337_ Skip requested! Current song will be skipped in 1 more votes!"
6861,iu_cyy,#DAA520,"ty jamie"
6861,born2shit_forced2wipe,#2E8B57,"otis from sex ed?"
6870,alanparcels,#008000,"really"
6871,sofiyeg,#8A2BE2,"please stop"
6875,thetasigma01,#1E90FF,"@nevo1st hey mate bit worried mate some guy called nevo faxes me asking for all my coal"
6879,iu_cyy,#DAA520,"id quite like to hear some actual music! #voteskip guys"
6885,sofiyeg,#8A2BE2,"!voteskip"
6885,streamelements,#5B99FF,"@SofiyeG The people have spoken.. skipping the current song!"
6896,bigmanclown,#0000FF,"!coords"
6896,nightbot,#7C7CE1,"THE NEVIDORM STRIP -271 64 133"
6897,iu_cyy,#DAA520,"ffs LMAO"
6919,rizzo04,#FF00F3,"!voteskip"
6920,streamelements,#5B99FF,"@Rizzo04 Skip requested! Current song will be skipped in 3 more votes!"
6926,iu_cyy,#DAA520,"!voteskip"
6926,streamelements,#5B99FF,"@Iu_cyy Skip requested! Current song will be skipped in 2 more votes!"
6930,rizzo04,#FF00F3,"burp counter =4"
6945,iu_cyy,#DAA520,"he had it from the pickled egg stream"
6946,charlie59367,#1E90FF,"Burpy burpy perm boy."
7007,sofiyeg,#8A2BE2,"that's conan"
7008,born2shit_forced2wipe,#2E8B57,"conan isnt it?"
7020,born2shit_forced2wipe,#2E8B57,"sorry i mean mr fart"
7031,thetasigma01,#1E90FF,"who is Conan?"
7038,thetasigma01,#1E90FF,"I only know mr fart"
7038,sofiyeg,#8A2BE2,"mr fart"
7042,sofiyeg,#8A2BE2,"sorry"
7049,sofiyeg,#8A2BE2,"i keep using the wrong name"
7104,iu_cyy,#DAA520,"youtube tutorials exist"
7105,born2shit_forced2wipe,#2E8B57,"nevo do u prefer filtered water or mineral water?"
7116,thetasigma01,#1E90FF,"@nevo1st hey mate random question what shelf do u keep the milk on in the fridge"
7134,rizzo04,#FF00F3,"reforms colours are white and blue no?"
7140,born2shit_forced2wipe,#2E8B57,"'nevidorm' everything must be named after him"
7158,sofiyeg,#8A2BE2,"such a narcissist"
7164,bartsimplton,#DAA520,"because you have died with all of it"
7168,iu_cyy,#DAA520,"i'll hop on the server when i get up"
7178,thetasigma01,#1E90FF,"thank you mate going to steal ur milk now"
7195,born2shit_forced2wipe,#2E8B57,"he made me name the airport owen crews airport"
7198,born2shit_forced2wipe,#2E8B57,"in nevicante"
7205,dawgbrained,#FF2DF1,"hello?"
7217,born2shit_forced2wipe,#2E8B57,"its either gonna be flewdew or ian moore airport"
7240,dawgbrained,#FF2DF1,"hello mevp the 1st"
7246,dawgbrained,#FF2DF1,"nevo"
7263,born2shit_forced2wipe,#2E8B57,"omg that gives me a deadline"
7277,born2shit_forced2wipe,#2E8B57,"hes not done that one i dont think mate"
7280,dawgbrained,#FF2DF1,"@SofiyeG can u ban me"
7282,born2shit_forced2wipe,#2E8B57,"'pasta hot or cold'"
7294,bartsimplton,#DAA520,"pickle rick yay or nay has stayed in my brain ever since the hit and run stream"
7318,iu_cyy,#DAA520,"owen check tiktok please"
7319,dawgbrained,#FF2DF1,"its going okie! I think im catching the flu from my bf"
7320,rizzo04,#FF00F3,"do you like lemsips"
7321,luigimangione2024,,"hes in chat"
7323,dawgbrained,#FF2DF1,"but right now im okay"
7327,sofiyeg,#8A2BE2,"why do you want to be banned @dawgbrained ?"
7328,dawgbrained,#FF2DF1,"@Rizzo04 can u ban me"
7336,rizzo04,#FF00F3,"NEVO QUICKL Y"
7342,rizzo04,#FF00F3,"PLEASE CHECK MY DM I SENT YOU ON TIKTOK"
7350,sofiyeg,#8A2BE2,"his opinion on donuts is so wrong"
7360,born2shit_forced2wipe,#2E8B57,"BRO"
7363,born2shit_forced2wipe,#2E8B57,"what if he is watching"
7365,iu_cyy,#DAA520,"UGHHH SHUT UP RIZZO >:("
7373,iu_cyy,#DAA520,"jk i dont maan that.."
7375,iu_cyy,#DAA520,"mean"
7376,rizzo04,#FF00F3,"what the hell lucy"
7383,iu_cyy,#DAA520,"im stressed"
7385,sofiyeg,#8A2BE2,"he definitely saw the bluray channel"
7388,iu_cyy,#DAA520,"im so sorry"
7391,born2shit_forced2wipe,#2E8B57,"WHAT ABOUT KAY??"
7393,born2shit_forced2wipe,#2E8B57,"get kay"
7394,born2shit_forced2wipe,#2E8B57,"and lee?"
7410,dawgbrained,#FF2DF1,"whats ur fav color @nevo1st"
7420,dawgbrained,#FF2DF1,"sorry man I really dont know how to chat"
7423,iu_cyy,#DAA520,"i want my bring the boom song :("
7426,born2shit_forced2wipe,#2E8B57,"pink probably"
7430,dawgbrained,#FF2DF1,"what stupid question should I be asking strimmer"
7442,dawgbrained,#FF2DF1,"can you ban me @SofiyeG"
7459,sofiyeg,#8A2BE2,"i will ban you if you ask again :3"
7460,dawgbrained,#FF2DF1,"yes?? im confused"
7461,bartsimplton,#DAA520,"what is your least favourite type of pasta shape???"
7466,dawgbrained,#FF2DF1,"@SofiyeG ok thanks"
7482,born2shit_forced2wipe,#2E8B57,"omg he wont shut up about it"
7507,sofiyeg,#8A2BE2,"penne or spaghetti?"
7512,sofiyeg,#8A2BE2,"tagliatelle"
7514,dawgbrained,#FF2DF1,"what does that do with what stupid questions i should ask?"
7529,alanparcels,#008000,"fountain?"
7539,danigoated,,"nevo can u sell signed headshots"
7544,charlie59367,#1E90FF,"Pooo?"
7544,dawgbrained,#FF2DF1,"do you like boobs or butts"
7552,sofiyeg,#8A2BE2,"you're asking to be flewdewed?"
7557,bartsimplton,#DAA520,"i have you opened in 5 tabs to speed up the lobotomy process"
7561,born2shit_forced2wipe,#2E8B57,"you just got flewdewed"
7563,luigimangione2024,,"thats disgusting"
7599,dawgbrained,#FF2DF1,"who did u vote for"
7609,sofiyeg,#8A2BE2,"even good luck won't help you mate"
7635,dawgbrained,#FF2DF1,"wait I got an ad I missed who u voted for noooooo"
7638,sofiyeg,#8A2BE2,"did you just call me a hoe??? unbelievable"
7653,dawgbrained,#FF2DF1,"based"
7703,dawgbrained,#FF2DF1,"whos your favorite chatter?"
7706,dawgbrained,#FF2DF1,"alpha 12?"
7712,rizzo04,#FF00F3,"his fav is me"
7716,bartsimplton,#DAA520,"i have one stone hoe on the server called nevo1st and thats my only actual good item"
7722,coffebrick4526,,"throw half ur bread in the lava and ill follow :D"
7723,dawgbrained,#FF2DF1,"no idea"
7748,dawgbrained,#FF2DF1,"dude let me tell you that sounds"
7756,dawgbrained,#FF2DF1,"I hope u have fun :D"
7778,danigoated,,"send me ur bath water and ill follow"
7782,coffebrick4526,,"LOL"
7789,sofiyeg,#8A2BE2,"!voteskip"
7789,streamelements,#5B99FF,"@SofiyeG Skip requested! Current song will be skipped in 3 more votes!"
7802,dawgbrained,#FF2DF1,"1600 Pennsylvania Avenue NW, Washington, DC 20500"
7810,born2shit_forced2wipe,#2E8B57,"is that why u stank when i saw you?"
7810,paulmccartneyy_,#DAA520,"nevo what colour are your bath towels"
7813,alanparcels,#008000,"stinky"
7837,luigimangione2024,,"!sr apple"
7837,streamelements,#5B99FF,"@luigimangione2024, could not add song: The requested song is too long"
7842,luigimangione2024,,"!sr apple charli xcx"
7851,luigimangione2024,,"!sr charli xcx apple"
7853,dawgbrained,#FF2DF1,"is it u blokes who like vegimite or is that the aussies?"
7855,bartsimplton,#DAA520,"they do turn brown after you use them though because ur so dirty"
7855,luigimangione2024,,"grrr"
7858,sofiyeg,#8A2BE2,"he mentioned drip stone i think"
7860,luigimangione2024,,"!sr apple charli xcx"
7861,streamelements,#5B99FF,"@luigimangione2024, added Charli xcx - "Charli xcx - Apple (official lyric video)" to the queue at #10 (playing ~in  27 mins 42 secs) https://youtu.be/CPWxExGk7PM"
7874,sofiyeg,#8A2BE2,"but i honestly tuned robert out when he got too nerdy"
7885,sofiyeg,#8A2BE2,"vegemite is great"
7887,dawgbrained,#FF2DF1,"no idea what that is"
7908,rizzo04,#FF00F3,"only yeast i have is from the missus"
7925,l30nvi,,"what‚Äôs this mate"
7935,sofiyeg,#8A2BE2,"!sr vegemite king gizzard and the lizard wizard"
7935,streamelements,#5B99FF,"@SofiyeG, added Flightless Records - "Vegemite - King Gizzard & The Lizard Wizard" to the queue at #10 (playing ~in  27 mins 20 secs) https://youtu.be/6Inr7FKKWLI"
7943,alanparcels,#008000,"are you like marmite Melv???"
7949,l30nvi,,"nevo what‚Äôs going on in nevidorm"
7966,l30nvi,,"did you like my place"
7974,alanparcels,#008000,"some guy from Barnsley who puts marmite on everything"
7981,l30nvi,,"yes lad"
7985,sofiyeg,#8A2BE2,"there is that large unfinished building, someone should build that"
7991,rizzo04,#FF00F3,"im opening my drink can you not do anything for a minut e"
8012,rizzo04,#FF00F3,"say pool without the L"
8014,dawgbrained,#FF2DF1,"neevo whats ur favorite show"
8015,l30nvi,,"right I‚Äôm off cya nevo"
8029,rizzo04,#FF00F3,"cya i30"
8042,rizzo04,#FF00F3,"looks like a right shithole"
8059,born2shit_forced2wipe,#2E8B57,"you got me on benidorm tiktok as wel..."
8061,charlie59367,#1E90FF,"Irl stream at benudorm"
8065,born2shit_forced2wipe,#2E8B57,"the guy with the dont need google top"
8067,dawgbrained,#FF2DF1,"dude this looks like america ;("
8077,sofiyeg,#8A2BE2,"i wish i was on benidorm tiktok"
8093,rizzo04,#FF00F3,"FISHING"
8103,sofiyeg,#8A2BE2,"can people in chat start sending me benidorm tiktoks"
8103,gozoh_,#1E90FF,"i thought you got the goat pull on geoguesser"
8109,thetasigma01,#1E90FF,"@nevo1st nevling meetup at benidorm"
8127,born2shit_forced2wipe,#2E8B57,"cant hear it"
8130,dawgbrained,#FF2DF1,"audio"
8131,rizzo04,#FF00F3,"class mate sounds brill"
8133,sofiyeg,#8A2BE2,"muted mate"
8169,dawgbrained,#FF2DF1,"dude........"
8172,dawgbrained,#FF2DF1,"im wet"
8182,gozoh_,#1E90FF,"gozohWs pure W ad"
8188,dawgbrained,#FF2DF1,"I love that ad"
8226,sofiyeg,#8A2BE2,"he looks like he plays fortnite"
8307,sofiyeg,#8A2BE2,"i can't wait for it"
8331,nightbot,#7C7CE1,"JOIN MY DISCORD IF YOU ARE NOT WEIRD (15+) https://discord.com/invite/aUSKbeJPXp"
8336,sofiyeg,#8A2BE2,"i just want to see if it can be better than the simple simon stream"
8376,born2shit_forced2wipe,#2E8B57,"IM SO EXCITED"
8388,bigmanting1337_,#8A2BE2,"how is elford12 gonna play"
8435,sofiyeg,#8A2BE2,"that will be so funny, elford will probably still play better on his phone than Si"
8464,born2shit_forced2wipe,#2E8B57,"nevo how do u know top gear?"
8476,charlie59367,#1E90FF,"Who said my dead name..."
8477,thetasigma01,#1E90FF,"Bad news nevo... u cant play fortnite on iphone or any other phone..."
8502,luigimangione2024,,"@ThetaSigma01 you can"
8507,luigimangione2024,,"its been reversed now"
8511,charlie59367,#1E90FF,"You can on android"
8516,charlie59367,#1E90FF,"Hope he has it"
8519,bigmanting1337_,#8A2BE2,"what if he doesn‚Äôt have an iPhone"
8536,born2shit_forced2wipe,#2E8B57,"if he has an android u can get him to download the apk nevo"
8543,charlie59367,#1E90FF,"It has its own website to download it tho"
8585,bigmanting1337_,#8A2BE2,"not smooth quartz?"
8601,born2shit_forced2wipe,#2E8B57,"eww"
8603,born2shit_forced2wipe,#2E8B57,"dotn say that"
8611,bigmanting1337_,#8A2BE2,"idk but it looks better"
8613,sofiyeg,#8A2BE2,"tbf the apple policy is monopolistic af, i think the eu is getting rid of it so i won't have issues like that"
8641,bigmanting1337_,#8A2BE2,"it doesnt have the lines"
8721,rizzo04,#FF00F3,"thoughts on vegans ryan mate"
8721,sofiyeg,#8A2BE2,"owen lying, SHOCK..."
8723,bigmanting1337_,#8A2BE2,"nevo lying? NO WAY"
8737,born2shit_forced2wipe,#2E8B57,"ryan thoughts on steam deck"
8745,hairehdb,#9E5C9D,"ryan tell a funny embarrassing story about owen pretty please bestie! nevo1sSmiles <3"
8788,born2shit_forced2wipe,#2E8B57,"lmao"
8792,born2shit_forced2wipe,#2E8B57,"u do a good owen impression"
8792,bigmanting1337_,#8A2BE2,"haha"
8792,sofiyeg,#8A2BE2,"LMFAO"
8803,hairehdb,#9E5C9D,"haha what a loser :)"
8820,born2shit_forced2wipe,#2E8B57,"that shirt looks like the one from that guy from gbf, thoughts?"
8827,sofiyeg,#8A2BE2,"he's such a pathetic boy"
8836,hairehdb,#9E5C9D,"you wouldn't dare mate nevo1sFrowns"
8839,born2shit_forced2wipe,#2E8B57,"???"
8840,hairehdb,#9E5C9D,"come at me bro"
8846,danigoated,,"Cheer100 birdshit coat"
8846,bigmanting1337_,#8A2BE2,"bought any new coats recently nevo?"
8900,born2shit_forced2wipe,#2E8B57,"OMG WE HAVE TO SEE"
8900,bigmanting1337_,#8A2BE2,"hahahah poo sleeve boy"
8905,danigoated,,"its good luck"
8919,bigmanting1337_,#8A2BE2,"oh my god send the video"
8920,born2shit_forced2wipe,#2E8B57,"u wear it with POO ON IT??"
8947,born2shit_forced2wipe,#2E8B57,"i like it ryan but id change the door"
8960,born2shit_forced2wipe,#2E8B57,"?????????"
8962,born2shit_forced2wipe,#2E8B57,"CAN U READ"
8966,bigmanting1337_,#8A2BE2,"id make it blue and white"
8984,born2shit_forced2wipe,#2E8B57,"worse than me mate"
9042,bigmanting1337_,#8A2BE2,"@dawgbrained bloody hell youve been following years"
9053,streamelements,#5B99FF,"@dawgbrained, dawgbrained has been following nevo1st for  3 years 1 month 23 days 22 hours"
9069,bigmanclown,#0000FF,"!followage"
9069,streamelements,#5B99FF,"@BigManClown, bigmanclown has been following nevo1st for  4 years 8 months 11 days 5 hours"
9076,bigmanting1337_,#8A2BE2,"!followage"
9077,streamelements,#5B99FF,"@BigManTing1337_, bigmanting1337_ has been following nevo1st for  7 months 6 days 1 hour"
9077,alanparcels,#008000,"idk"
9078,bigmanting1337_,#8A2BE2,"im new"
9081,bartsimplton,#DAA520,"I bought a coat on vinted last week and thought it was a nice and turns out it had like a 7 cm inch of bird poo all over it"
9083,kerloud,#DADADA,"!followage"
9084,streamelements,#5B99FF,"@kerloud, kerloud has been following nevo1st for  4 months 3 days 1 hour"
9093,alanparcels,#008000,"!followage"
9094,streamelements,#5B99FF,"@alanparcels, alanparcels has been following nevo1st for  22 days 6 hours"
9097,danigoated,,"!followage"
9109,alanparcels,#008000,"beat 22 days guys"
9124,sofiyeg,#8A2BE2,"nevo do i have permission to ban dawgbrained?"
9171,sofiyeg,#8A2BE2,"not breaking any rules, they just asked for it nicely"
9177,rizzo04,#FF00F3,"somewhere red"
9177,alanparcels,#008000,"mesa"
9179,bigmanting1337_,#8A2BE2,"!follow"
9192,bigmanting1337_,#8A2BE2,"get sandstone and red dye"
9231,bigmanting1337_,#8A2BE2,"you‚Äôd fall for ‚Äúit says gullible on the ceiling‚Äù mate"
9232,rizzo04,#FF00F3,"whwat the fuck was that"
9234,sofiyeg,#8A2BE2,"that was good"
9239,sofiyeg,#8A2BE2,"10/10"
9253,bigmanting1337_,#8A2BE2,"10"
9267,bartsimplton,#DAA520,"11/10"
9277,thetasigma01,#1E90FF,"hey mate cos u killed my son I‚Äôm stealing ur milk"
9287,bigmanting1337_,#8A2BE2,"show us the birdshit coat"
9296,sofiyeg,#8A2BE2,"nevnation 5 will be over and this airport still won't be finished"
9312,bigmanting1337_,#8A2BE2,"yeah should be"
9327,bigmanting1337_,#8A2BE2,"usual time yeah?"
9333,bill_schitt,#008000,"get yer knockers art nevo"
9353,bigmanting1337_,#8A2BE2,"i reckon we should run a few games before stream just to warm up a bit"
9372,bigmanting1337_,#8A2BE2,"havent played fortnite in weeks"
9400,bigmanting1337_,#8A2BE2,"elford12 probably plays fifa"
9410,sofiyeg,#8A2BE2,"@BigManTing1337_ i don't think a game with elford will be really high octane or anything"
9417,bigmanting1337_,#8A2BE2,"ive had a fella called ImEthan on one of my minecraft worlds before"
9431,bigmanting1337_,#8A2BE2,"@sofiyeg i need to carry frank elford"
9443,bill_schitt,#008000,"oh i thought you meant elford"
9456,bigmanting1337_,#8A2BE2,"they gave chef dave his own tv show"
9465,bill_schitt,#008000,"disaster waiting to happen, that"
9480,paulmccartneyy_,#DAA520,"do a backflip"
9485,sofiyeg,#8A2BE2,"you also need to ask him about his favourite german or belgian team, because he only ever really talks about uk teams"
9490,bigmanting1337_,#8A2BE2,"i think he was on about TikTok tbf, elford seems the progressive type"
9497,bigmanting1337_,#8A2BE2,"salt and WHAT"
9553,sofiyeg,#8A2BE2,"wrongun"
9558,bigmanting1337_,#8A2BE2,"im reet picky so ill only have ready salted"
9565,paulmccartneyy_,#DAA520,"i just ate pickled onion crisps. i like anything tangy"
9571,born2shit_forced2wipe,#2E8B57,"chicken is nice thoughts?"
9589,rizzo04,#FF00F3,"AWOOOG"
9596,hairehdb,#9E5C9D,"TRUEEEEE"
9598,charlie59367,#1E90FF,"HOLY MOLY"
9604,bigmanting1337_,#8A2BE2,"VILLAGER MILFS"
9607,sofiyeg,#8A2BE2,"nevo1sAWOOGA nevo1sAWOOGA nevo1sAWOOGA nevo1sAWOOGA nevo1sAWOOGA"
9616,rizzo04,#FF00F3,"got a head like a dorito"
9643,bartsimplton,#DAA520,"assault and vinegar"
9646,squirm1610,,"I have arrived"
9666,sofiyeg,#8A2BE2,"cool original is nice, especially with a dip"
9667,born2shit_forced2wipe,#2E8B57,"twink flavoue"
9684,bigmanting1337_,#8A2BE2,"u have a head like a lightbulb"
9694,sofiyeg,#8A2BE2,"REAL MEN only eat meaty crisps"
9694,squirm1610,,"get some walkers down back of your neck lal"
9700,squirm1610,,"*lad"
9744,born2shit_forced2wipe,#2E8B57,"ur right nevo i agree"
9747,born2shit_forced2wipe,#2E8B57,"that is autsitic"
9763,bigmanting1337_,#8A2BE2,"!sr lost in the world"
9766,streamelements,#5B99FF,"@BigManTing1337_, added Kanye West - Topic - "Lost In The World" to the queue at #1 (playing ~now) https://youtu.be/1Dzh0XkuNPg"
9767,paulmccartneyy_,#DAA520,"why do you call college post16 like youre 48"
9776,sofiyeg,#8A2BE2,"!sr don't delete the kisses wolf alice"
9795,sofiyeg,#8A2BE2,"!sr don't delete the kisses wolf alice"
9796,streamelements,#5B99FF,"@SofiyeG, added WolfAliceVEVO - "Wolf Alice - Don't Delete the Kisses (Official Video)" to the queue at #2 (playing ~in  4 mins 17 secs) https://youtu.be/WqxE-zppu30"
9801,bigmanting1337_,#8A2BE2,"kicked him in the head? mustve been like a toothpick to the head"
9810,thetasigma01,#1E90FF,"yes"
9812,rizzo04,#FF00F3,"dunno mate"
9813,thetasigma01,#1E90FF,"yes yes yes yes"
9823,paulmccartneyy_,#DAA520,"!sr https://youtu.be/ly_G9QBX_f0?si=YYuRgXD2wSdKctqu"
9824,streamelements,#5B99FF,"@paulmccartneyy_, added Paul McCartney - Topic - "Let Me Roll It (2010 Remaster)" to the queue at #3 (playing ~in  8 mins 54 secs) https://youtu.be/ly_G9QBX_f0"
9839,charlie59367,#1E90FF,"Bigmanting is legit 5'4"
9848,charlie59367,#1E90FF,"You're taller than him"
9861,bigmanting1337_,#8A2BE2,"yeah but id still be able to beat the fuck out of him"
9868,sofiyeg,#8A2BE2,"!sr ship to wreck florence + the machine"
9886,bigmanting1337_,#8A2BE2,"irl nevvys we‚Äôll have a misfits match"
9887,paulmccartneyy_,#DAA520,"!sr pigeon faye webster"
9888,streamelements,#5B99FF,"@paulmccartneyy_, added Faye Webster - Topic - "Pigeon" to the queue at #3 (playing ~in  9 mins 27 secs) https://youtu.be/4a_DDh4xQFk"
9894,squirm1610,,"get nevo on misfits"
9896,sofiyeg,#8A2BE2,"!sr https://www.youtube.com/watch?v=B9v8jLBrvug"
9898,streamelements,#5B99FF,"@SofiyeG, added FlorenceMachineVEVO - "Florence + The Machine - Ship To Wreck (The Odyssey ‚Äì Chapter 4)" to the queue at #4 (playing ~in  12 mins 6 secs) https://youtu.be/B9v8jLBrvug"
9899,bigmanting1337_,#8A2BE2,"brass knuckles yay or nay?"
9908,sofiyeg,#8A2BE2,"this is bon iver right?"
9912,bigmanting1337_,#8A2BE2,"dont want any kids i fucking hate em"
9916,rizzo04,#FF00F3,"ryan would be fighting sleep boring twat"
9923,sofiyeg,#8A2BE2,"!song"
9923,streamelements,#5B99FF,"@SofiyeG, current song: Kanye West - Topic - Lost In The World, requested by bigmanting1337_ https://youtu.be/1Dzh0XkuNPg"
9929,sofiyeg,#8A2BE2,"nevermind"
9931,bigmanting1337_,#8A2BE2,"@sofiyeg kanye west sampling bon iver"
9935,sofiyeg,#8A2BE2,"aah"
9976,paulmccartneyy_,#DAA520,"you cant convince me elford 12 will be on fortnite"
9981,paulmccartneyy_,#DAA520,"hes too old"
9995,squirm1610,,"little t or Afghan dan?"
9999,bigmanting1337_,#8A2BE2,"my name comes from a fucking discord channel that my mate filled with pictures of caddicarus"
10009,born2shit_forced2wipe,#2E8B57,"luke"
10010,born2shit_forced2wipe,#2E8B57,"no"
10012,born2shit_forced2wipe,#2E8B57,"liam"
10013,sofiyeg,#8A2BE2,"calvin seems like it'd be a quite archaic name"
10023,sammydodgers01,#FF0000,"Jimmy Savile?"
10036,squirm1610,,"NEVO LIKES MY NAME CONFIRMEDüó£Ô∏èüó£Ô∏è"
10039,born2shit_forced2wipe,#2E8B57,"i think calvin is an american frat name"
10051,bigmanting1337_,#8A2BE2,"if i had a daughter i feel like id go for Alexandra, Celia or Jacqueline"
10056,squirm1610,,"Liam"
10068,born2shit_forced2wipe,#2E8B57,"NEVO NEVO"
10071,paulmccartneyy_,#DAA520,"my name is paul"
10072,born2shit_forced2wipe,#2E8B57,"CAN U DO ME A FAVOUR"
10084,charlie59367,#1E90FF,"@bigmanting1337_ Jacqueline is the name of my mates mum"
10084,born2shit_forced2wipe,#2E8B57,"PLEASE CAN U GO BACK AND GET THOSE LILLIES"
10089,bigmanting1337_,#8A2BE2,"i have rather wealthy family members despite my accent"
10092,bigmanting1337_,#8A2BE2,"@charlie59367 class"
10102,bigmanting1337_,#8A2BE2,"ryan farage obviously"
10107,paulmccartneyy_,#DAA520,"arthur man clown"
10112,nightbot,#7C7CE1,"JOIN MY DISCORD IF YOU ARE NOT WEIRD (15+) https://discord.com/invite/aUSKbeJPXp"
10114,sammydodgers01,#FF0000,"DOXXED"
10123,born2shit_forced2wipe,#2E8B57,"nevo do u want kids then?"
10127,bigmanting1337_,#8A2BE2,"amelia is a good one"
10133,paulmccartneyy_,#DAA520,"I SEEEEEEEEE THE SIGNS OF A LIFETIME YOU TIL I DIE !!!!!"
10139,paulmccartneyy_,#DAA520,"sofiye i love your music taste"
10144,squirm1610,,"I quite like the name Daniel Martin"
10156,born2shit_forced2wipe,#2E8B57,"nevo can u get these flowers for me"
10157,born2shit_forced2wipe,#2E8B57,"please"
10170,charlie59367,#1E90FF,"E.coliz"
10172,born2shit_forced2wipe,#2E8B57,"is this the mainland?"
10183,bigmanting1337_,#8A2BE2,"if i had a son i‚Äôd probably name him (MY NAME) Junior, James (cause theres so many variants) or Michael"
10196,bigmanting1337_,#8A2BE2,"arthurs some rough cowboy athletic motherfucker"
10203,alanparcels,#008000,"my old primary school buddy was called royal"
10221,sofiyeg,#8A2BE2,"@paulmccartneyy_ thank you thank you"
10247,bigmanting1337_,#8A2BE2,"i feel like a fight between us would be sick"
10265,sofiyeg,#8A2BE2,"@SofiyeG i wanted to say yours is great too but i feel like our taste overlaps quite a bit so i would feel a bit narcissistic as if i'm complimenting my own taste"
10272,bigmanting1337_,#8A2BE2,"any ideas on where the in-person nevvys will be held yet"
10277,born2shit_forced2wipe,#2E8B57,"nevo can u get me some dandelions pls"
10281,squirm1610,,"royal is a wank name tbf"
10282,alanparcels,#008000,"how Tf should I know"
10283,bigmanting1337_,#8A2BE2,"im guessing somewhere in the north"
10290,born2shit_forced2wipe,#2E8B57,"and lily of the valley"
10294,born2shit_forced2wipe,#2E8B57,"thanks i only need like 20"
10296,born2shit_forced2wipe,#2E8B57,"at most"
10309,bigmanting1337_,#8A2BE2,"id say next year"
10319,born2shit_forced2wipe,#2E8B57,"why dont u do it at your house mate"
10321,born2shit_forced2wipe,#2E8B57,"in the back garden"
10323,danigoated,,"ill fly out"
10324,squirm1610,,"I like the name ‚ÄúWiley‚Äù specifically ‚ÄúWiley Squires‚Äù"
10332,bigmanting1337_,#8A2BE2,"leeds would genuinely be perfect for me"
10334,sofiyeg,#8A2BE2,"see i wanted to share my ideas for children's names but realised many don't really have a great english equivalent"
10335,paulmccartneyy_,#DAA520,"not risking my life going to leeds or nottingham"
10342,squirm1610,,"do it in donny I‚Äôll give you a greggs"
10347,born2shit_forced2wipe,#2E8B57,"yes u look like him"
10351,bigmanting1337_,#8A2BE2,"leeds is more like my northern london cause leeds is always under construction"
10351,born2shit_forced2wipe,#2E8B57,"he is more twinky than u"
10357,born2shit_forced2wipe,#2E8B57,"NEVO"
10360,born2shit_forced2wipe,#2E8B57,"LILIES"
10361,alanparcels,#008000,"Leeds is a shit hole"
10362,born2shit_forced2wipe,#2E8B57,"turn around"
10373,bigmanting1337_,#8A2BE2,"bikesesman‚Äôs favourite film is fantastic mr fox he said it on live"
10373,born2shit_forced2wipe,#2E8B57,"white lilies thank you"
10375,paulmccartneyy_,#DAA520,"manchester is the hive of england and a lovely place!!!"
10379,sofiyeg,#8A2BE2,"i've been in leeds once and i don't want to go back"
10395,born2shit_forced2wipe,#2E8B57,"manchester is shite"
10396,bigmanting1337_,#8A2BE2,"we should just rent out valley parade stadium for a day i‚Äôll use my connections up here to get it"
10397,sammydodgers01,#FF0000,"South of england is batter"
10397,paulmccartneyy_,#DAA520,"i fall over in manchester and bounce back up cos the grounds made of clouds"
10407,born2shit_forced2wipe,#2E8B57,"never been to leeds is it worth a trup?"
10410,squirm1610,,"I‚Äôm in doncaster I‚Äôm with the fucking scum"
10416,born2shit_forced2wipe,#2E8B57,"THANK YOU NEVO I OWE U"
10417,rizzo04,#FF00F3,"when are you retiring"
10425,born2shit_forced2wipe,#2E8B57,"@sQuirm1610 have u been to kiki's chinese?"
10432,bigmanting1337_,#8A2BE2,"i feel like somewhere in south yorkshire would be the best for everyone"
10433,bill_schitt,#008000,"@paulmccartneyy_ nah its because of your belly"
10437,born2shit_forced2wipe,#2E8B57,"no im asking squirm"
10441,sofiyeg,#8A2BE2,"no that wasn't directed at you"
10452,bill_schitt,#008000,"that wasnt me"
10457,bigmanting1337_,#8A2BE2,"yeah but manchesters shit i say leeds"
10459,paulmccartneyy_,#DAA520,"and tom knows how i look as well. just nasty"
10464,bigmanting1337_,#8A2BE2,"i hate manchester"
10470,squirm1610,,"no I haven‚Äôt been kikis but I go past it everyday"
10473,alanparcels,#008000,"same"
10479,alanparcels,#008000,"I‚Äôve never been"
10484,alanparcels,#008000,"too far south"
10484,samantha_xox7,,"hey"
10488,born2shit_forced2wipe,#2E8B57,"but we pay for the tickets"
10495,paulmccartneyy_,#DAA520,"no after party at mine you ruined your chance"
10497,born2shit_forced2wipe,#2E8B57,"so its just how many ppl u get"
10504,bigmanting1337_,#8A2BE2,"i was thinking sheffield or anywhere in south yorkshire"
10512,bigmanting1337_,#8A2BE2,"leeds/Manchester would work perfect for me"
10513,born2shit_forced2wipe,#2E8B57,"kfc hull"
10519,bigmanting1337_,#8A2BE2,"host it in an alleyway in bradford"
10532,born2shit_forced2wipe,#2E8B57,"nevo whats worse huddersfield or hull?"
10544,bill_schitt,#008000,"@paulmccartneyy_ sorry kacie i didnt mean it ( nevo1sSmiles )"
10560,bigmanting1337_,#8A2BE2,"host it in bradford we can have an afterparty in cex or the broadway food court"
10561,born2shit_forced2wipe,#2E8B57,"dewsbury or hull?"
10564,squirm1610,,"if someone‚Äôs up for a scrap meet me at the b&m at donny frenchgate"
10581,bigmanting1337_,#8A2BE2,"@born2shit_forced2wipe DEWSBURY IS LIKE FALLOUT NEW VEGAS IM NEVER GOING BACK"
10602,squirm1610,,"only joking don‚Äôt meet me there I will cry"
10614,born2shit_forced2wipe,#2E8B57,"nevo do u prefer wakefield kirkgate or wakefield westagte station?"
10623,bigmanting1337_,#8A2BE2,"anyone up for a scrap check every McDonald‚Äôs in Bradford every Saturday between 6-11am"
10646,bigmanting1337_,#8A2BE2,"dont ill cry"
10647,squirm1610,,"I‚Äôd would ask for a picture then batter you to show dominance"
10658,born2shit_forced2wipe,#2E8B57,"what is your 3rd least favourite small station"
10658,paulmccartneyy_,#DAA520,"if i met nevo irl id tie his shoelaces together"
10671,squirm1610,,"but after that I‚Äôd cry again"
10682,bigmanting1337_,#8A2BE2,"if i met nevo i‚Äôd pants him and run off"
10686,alanparcels,#008000,"I would buy you a coop meal deal nevo"
10687,charlie59367,#1E90FF,"Sure pal"
10688,rizzo04,#FF00F3,"i‚Äôd ask you for a picture and then put you in a muzzle"
10689,charlie59367,#1E90FF,"It's ok"
10696,sofiyeg,#8A2BE2,"if i met nevo irl i probably woouldn't even see him because he is so small and would just look over him"
10700,bigmanting1337_,#8A2BE2,"that happened to someone i was talking to in broadway the other month"
10714,hairehdb,#9E5C9D,"if i ever met you irl i'd give you a good ol' wedgie! nevo1sSmiles"
10717,born2shit_forced2wipe,#2E8B57,"if i saw you i would put my head in the newspaper and hope he didnt notice"
10731,thetasigma01,#1E90FF,"if I met irl I would ask for a fredo"
10733,bigmanting1337_,#8A2BE2,"nevo i‚Äôd dropkick you like a cloaker from payday 2"
10738,bill_schitt,#008000,"yes"
10739,born2shit_forced2wipe,#2E8B57,"i feel u would hate it"
10741,rizzo04,#FF00F3,"yes"
10742,alanparcels,#008000,"nevo would get a simply cheese sandwich in a meal deal"
10758,squirm1610,,"are you aware of Wayne Lawton"
10773,born2shit_forced2wipe,#2E8B57,"thats a yes"
10780,bigmanting1337_,#8A2BE2,"if i ever met you i‚Äôd throw a ham sandwich leaking butter at your coat and yell BIRDSHIT TWO"
10788,bigmanting1337_,#8A2BE2,"wayne lawton follows me back"
10793,squirm1610,,"Wayne Lawton is the hardest man in Halifax"
10802,born2shit_forced2wipe,#2E8B57,"if i saw you i would yell your full name across the train platform"
10811,squirm1610,,"@bigmanting1337_ Wayne Lawton follows me back aswell"
10817,alanparcels,#008000,"would lay a log under your pillow nevo"
10821,rizzo04,#FF00F3,"what if i bought you a new coat and instead of bird shit it‚Äôs rizzo shit"
10822,bigmanting1337_,#8A2BE2,"@squirm1610 thats sick"
10829,bigmanting1337_,#8A2BE2,"#twinning"
10835,sofiyeg,#8A2BE2,"just walked by a bunch of beautiful melons with no reaction at all, disappointed nevo1sFrowns"
10837,born2shit_forced2wipe,#2E8B57,"you CANT Use tp to get back thats cheating"
10848,squirm1610,,"@bigmanting1337_ his daughter follows me aswell I‚Äôm basically a family friend"
10851,paulmccartneyy_,#DAA520,"nevo if i met you irl id probably say "Hiiii. stream tonight? okay see ya""
10866,bigmanting1337_,#8A2BE2,"i feel like i‚Äôd walk right past you because you arent a very distinct man"
10872,alanparcels,#008000,"@sofiyeg there‚Äôs a lovely pair of melons in the Wetherspoons"
10883,born2shit_forced2wipe,#2E8B57,"PANDAS!!!"
10883,paulmccartneyy_,#DAA520,"OMG youre annoying as hell"
10885,squirm1610,,"I gtg"
10886,thetasigma01,#1E90FF,"if I met irl I would ask for a fredo"
10886,bigmanting1337_,#8A2BE2,"i always have huge coats on im very noticeable compared to YOU mr crews"
10893,bill_schitt,#008000,"@paulmccartneyy_ me when i see kacie"
10896,bartsimplton,#DAA520,"i feel like the people that are the most mean to you would be the most awkward"
10907,bigmanting1337_,#8A2BE2,"@bartsimplton no comment."
10907,bill_schitt,#008000,"nevling meet up at ZANTE, you mean"
10915,bigmanting1337_,#8A2BE2,"nevling meetup in corfu"
10925,sofiyeg,#8A2BE2,"i really don't want to go back to benidorm"
10930,born2shit_forced2wipe,#2E8B57,"you are going to die"
10938,paulmccartneyy_,#DAA520,"Bless you"
10944,bigmanting1337_,#8A2BE2,"@born2shit_forced2wipe me to the old people i see on the streets"
10947,paulmccartneyy_,#DAA520,"no you nevo bigmanclown"
10959,barnthelegend,,"Red sand?"
10976,squirm1610,,"my mate got jumped at donny dome"
10983,bigmanting1337_,#8A2BE2,"would you rather swallow one guinea pig whole or three gerbils whole"
10983,paulmccartneyy_,#DAA520,"nevo i have some red sand"
10986,bigmanting1337_,#8A2BE2,"alive too"
11007,squirm1610,,"the donny dome is an insane place"
11007,paulmccartneyy_,#DAA520,"yea as long as im an op ive got it WAHEY!"
11015,barnthelegend,,"I know of a mesa around 2000, 1000"
11022,charlie59367,#1E90FF,"Yk there's a mesa near spawn"
11025,barnthelegend,,"-100*"
11030,barnthelegend,,"-1000*"
11036,bill_schitt,#008000,"-10000*"
11036,charlie59367,#1E90FF,"Yeah"
11039,charlie59367,#1E90FF,"Should've"
11047,charlie59367,#1E90FF,"Red sand for days"
11056,charlie59367,#1E90FF,"I'm deadass"
11062,bigmanting1337_,#8A2BE2,"biggest nobhead award:"
11070,charlie59367,#1E90FF,"On skib"
11071,squirm1610,,"what do you think of Fried By Fluoride"
11078,charlie59367,#1E90FF,"On ethan alex"
11095,bigmanting1337_,#8A2BE2,"irl nevvys would be sick i could scout out venews around the west yorkshire area cause thats local to us"
11095,squirm1610,,"no he‚Äôs a singer"
11097,hairehdb,#9E5C9D,"red sand is like, the easiest block to get in the whole game mate nevo1sFrowns"
11097,rizzo04,#FF00F3,"nevo can you e tuck me into bed i‚Äôm soooo sleepy"
11112,bigmanting1337_,#8A2BE2,"!sr flashing lights"
11113,streamelements,#5B99FF,"@BigManTing1337_, added Kanye West - Topic - "Flashing Lights" to the queue at #1 (playing ~now) https://youtu.be/ZAz3rnLGthg"
11118,paulmccartneyy_,#DAA520,"deji just whispered to me he has 20 stacks of red sand"
11119,born2shit_forced2wipe,#2E8B57,"do some asmr"
11123,born2shit_forced2wipe,#2E8B57,"get close to the mic and whisper"
11123,squirm1610,,"CAN WE HOST THE IRL NEVVYS IN THE DONNY DOME"
11129,charlie59367,#1E90FF,"Just lost all my stuff"
11133,hairehdb,#9E5C9D,"can you read us a little bed time story too?"
11134,charlie59367,#1E90FF,"Goodnight nevnation"
11135,bigmanting1337_,#8A2BE2,"irl nevvys in winter gardens"
11140,sofiyeg,#8A2BE2,"bye nevo!"
11142,rizzo04,#FF00F3,"can we have milk and cookies too"
11147,bigmanting1337_,#8A2BE2,"OMG IRL NEVVYS IN THE WINTER GARDENS"
11156,alanparcels,#008000,"gn nevo mate"
11158,charlie59367,#1E90FF,"Should've gotten unbreaking 3"
11159,sofiyeg,#8A2BE2,"goodnight nevnation >_<"
11163,bill_schitt,#008000,"omg its the orphanage stream"
11164,bill_schitt,#008000,"finally"
11167,paulmccartneyy_,#DAA520,"you are incapable of talking softlu"
11167,rizzo04,#FF00F3,"GIZ A KISS ON HEAD"
11169,bigmanting1337_,#8A2BE2,"raid simple simon"
11169,squirm1610,,"IRL NEVVYS IN DONNY DOME"
11181,bigmanting1337_,#8A2BE2,"simple simon please nevo mate"
11184,sofiyeg,#8A2BE2,"this is getting cringy now"
11193,born2shit_forced2wipe,#2E8B57,"this is so cozy :3"
11197,charlie59367,#1E90FF,"@bigmanting1337_ last time he ended immediately"
11199,rizzo04,#FF00F3,"i such a cozy wozy boy ü•∫"
11201,paulmccartneyy_,#DAA520,"ew"
11203,bill_schitt,#008000,"@SofiyeG now?"
11204,hairehdb,#9E5C9D,"EEEEWWWWWW nevo1sFrowns"
11204,charlie59367,#1E90FF,"Vile"
11207,bigmanting1337_,#8A2BE2,"@charlie59367 we can count on it this time"
11214,bill_schitt,#008000,"-50 viewers"
11215,bigmanting1337_,#8A2BE2,"errr"
11218,born2shit_forced2wipe,#2E8B57,"@Rizzo04 :3 samsies"
11223,sofiyeg,#8A2BE2,"@bill_schitt well cringier than it was"
11230,rizzo04,#FF00F3,"i wee weed the bed ü•∫"
11238,paulmccartneyy_,#DAA520,"RIZZO UR MINGING"
11239,luigimangione2024,,"wee wee"
11254,bigmanting1337_,#8A2BE2,"ring me like 15 minutes before stream to make sure i remember"
11257,rizzo04,#FF00F3,"NIGHT MATE THANKS"
11272,born2shit_forced2wipe,#2E8B57,"how do i join"